1029,9.84,61,40,6.17,75,0,10000,2,0,20,1,1030,5.22,76,35,4.02,7,0,10000,1030,5.22,76,35,4.02,7,0,10000,1030,5.22,76,35,4.02,7,0,10000,1030,5.22,76,35,4.02,7,0,10000,1030,5.22,76,35,4.02,7,0,10000,1030,5.22,76,35,4.02,7,0,10000,1030,5.22,76,35,4.02,7,0,10000,1030,5.22,76,35,4.02,7,0,10000,1030,5.22,76,35,4.02,7,0,10000,1030,5.22,76,35,4.02,7,0,10000,1030,5.22,76,35,4.02,7,0,10000,1030,5.22,76,35,4.02,7,0,10000
1029,9.84,61,40,6.17,75,0,10000,5,0,20,1,1030,6.25,78,27,4.13,29,0,10000,1030,6.25,78,27,4.13,29,0,10000,1030,6.25,78,27,4.13,29,0,10000,1030,6.25,78,27,4.13,29,0,10000,1030,6.25,78,27,4.13,29,0,10000,1030,6.25,78,27,4.13,29,0,10000,1030,6.25,78,27,4.13,29,0,10000,1030,6.25,78,27,4.13,29,0,10000,1030,6.25,78,27,4.13,29,0,10000,1030,6.25,78,27,4.13,29,0,10000,1030,6.25,78,27,4.13,29,0,10000,1030,6.25,78,27,4.13,29,0,10000
1029,9.84,61,40,6.17,75,0,10000,8,0,20,1,1029,8.4,65,22,5.32,67,0,10000,1029,8.4,65,22,5.32,67,0,10000,1029,8.4,65,22,5.32,67,0,10000,1029,8.4,65,22,5.32,67,0,10000,1029,8.4,65,22,5.32,67,0,10000,1029,8.4,65,22,5.32,67,0,10000,1029,8.4,65,22,5.32,67,0,10000,1029,8.4,65,22,5.32,67,0,10000,1029,8.4,65,22,5.32,67,0,10000,1029,8.4,65,22,5.32,67,0,10000,1029,8.4,65,22,5.32,67,0,10000,1029,8.4,65,22,5.32,67,0,10000
1029,9.84,61,40,6.17,75,0,10000,11,0,20,1,1028,8.95,60,8,4.85,73,0,10000,1028,8.95,60,8,4.85,73,0,10000,1028,8.95,60,8,4.85,73,0,10000,1028,8.95,60,8,4.85,73,0,10000,1028,8.95,60,8,4.85,73,0,10000,1028,8.95,60,8,4.85,73,0,10000,1028,8.95,60,8,4.85,73,0,10000,1028,8.95,60,8,4.85,73,0,10000,1028,8.95,60,8,4.85,73,0,10000,1028,8.95,60,8,4.85,73,0,10000,1028,8.95,60,8,4.85,73,0,10000,1028,8.95,60,8,4.85,73,0,10000
1029,9.84,61,40,6.17,75,0,10000,14,0,20,1,1029,9.78,60,41,6.16,54,0,10000,1029,9.78,60,41,6.16,54,0,10000,1029,9.78,60,41,6.16,54,0,10000,1029,9.78,60,41,6.16,54,0,10000,1029,9.78,60,41,6.16,54,0,10000,1029,9.78,60,41,6.16,54,0,10000,1029,9.78,60,41,6.16,54,0,10000,1029,9.78,60,41,6.16,54,0,10000,1029,9.78,60,41,6.16,54,0,10000,1029,9.78,60,41,6.16,54,0,10000,1029,9.78,60,41,6.16,54,0,10000,1029,9.78,60,41,6.16,54,0,10000
1029,9.84,61,40,6.17,75,0,10000,17,0,20,1,1029,9.16,65,42,5.35,34,0,10000,1029,9.16,65,42,5.35,34,0,10000,1029,9.16,65,42,5.35,34,0,10000,1029,9.16,65,42,5.35,34,0,10000,1029,9.16,65,42,5.35,34,0,10000,1029,9.16,65,42,5.35,34,0,10000,1029,9.16,65,42,5.35,34,0,10000,1029,9.16,65,42,5.35,34,0,10000,1029,9.16,65,42,5.35,34,0,10000,1029,9.16,65,42,5.35,34,0,10000,1029,9.16,65,42,5.35,34,0,10000,1029,9.16,65,42,5.35,34,0,10000
1029,9.84,61,40,6.17,75,0,10000,20,0,20,1,1030,7.31,66,39,5.92,16,0,10000,1030,7.31,66,39,5.92,16,0,10000,1030,7.31,66,39,5.92,16,0,10000,1030,7.31,66,39,5.92,16,0,10000,1030,7.31,66,39,5.92,16,0,10000,1030,7.31,66,39,5.92,16,0,10000,1030,7.31,66,39,5.92,16,0,10000,1030,7.31,66,39,5.92,16,0,10000,1030,7.31,66,39,5.92,16,0,10000,1030,7.31,66,39,5.92,16,0,10000,1030,7.31,66,39,5.92,16,0,10000,1030,7.31,66,39,5.92,16,0,10000
1029,9.84,61,40,6.17,75,0,10000,23,0,20,1,1030,6.59,75,46,5.63,11,0,10000,1030,6.59,75,46,5.63,11,0,10000,1030,6.59,75,46,5.63,11,0,10000,1030,6.59,75,46,5.63,11,0,10000,1030,6.59,75,46,5.63,11,0,10000,1030,6.59,75,46,5.63,11,0,10000,1030,6.59,75,46,5.63,11,0,10000,1030,6.59,75,46,5.63,11,0,10000,1030,6.59,75,46,5.63,11,0,10000,1030,6.59,75,46,5.63,11,0,10000,1030,6.59,75,46,5.63,11,0,10000,1030,6.59,75,46,5.63,11,0,10000
1029,9.84,61,40,6.17,75,0,10000,2,0,21,1,1030,5.22,76,35,4.02,7,0,10000,1030,5.22,76,35,4.02,7,0,10000,1030,5.22,76,35,4.02,7,0,10000,1030,5.22,76,35,4.02,7,0,10000,1030,5.22,76,35,4.02,7,0,10000,1030,5.22,76,35,4.02,7,0,10000,1030,5.22,76,35,4.02,7,0,10000,1030,5.22,76,35,4.02,7,0,10000,1030,5.22,76,35,4.02,7,0,10000,1030,5.22,76,35,4.02,7,0,10000,1030,5.22,76,35,4.02,7,0,10000,1030,5.22,76,35,4.02,7,0,10000
1029,9.84,61,40,6.17,75,0,10000,5,0,21,1,1030,6.25,78,27,4.13,29,0,10000,1030,6.25,78,27,4.13,29,0,10000,1030,6.25,78,27,4.13,29,0,10000,1030,6.25,78,27,4.13,29,0,10000,1030,6.25,78,27,4.13,29,0,10000,1030,6.25,78,27,4.13,29,0,10000,1030,6.25,78,27,4.13,29,0,10000,1030,6.25,78,27,4.13,29,0,10000,1030,6.25,78,27,4.13,29,0,10000,1030,6.25,78,27,4.13,29,0,10000,1030,6.25,78,27,4.13,29,0,10000,1030,6.25,78,27,4.13,29,0,10000
1029,9.84,61,40,6.17,75,0,10000,8,0,21,1,1029,8.4,65,22,5.32,67,0,10000,1029,8.4,65,22,5.32,67,0,10000,1029,8.4,65,22,5.32,67,0,10000,1029,8.4,65,22,5.32,67,0,10000,1029,8.4,65,22,5.32,67,0,10000,1029,8.4,65,22,5.32,67,0,10000,1029,8.4,65,22,5.32,67,0,10000,1029,8.4,65,22,5.32,67,0,10000,1029,8.4,65,22,5.32,67,0,10000,1029,8.4,65,22,5.32,67,0,10000,1029,8.4,65,22,5.32,67,0,10000,1029,8.4,65,22,5.32,67,0,10000
1029,9.84,61,40,6.17,75,0,10000,11,0,21,1,1028,8.95,60,8,4.85,73,0,10000,1028,8.95,60,8,4.85,73,0,10000,1028,8.95,60,8,4.85,73,0,10000,1028,8.95,60,8,4.85,73,0,10000,1028,8.95,60,8,4.85,73,0,10000,1028,8.95,60,8,4.85,73,0,10000,1028,8.95,60,8,4.85,73,0,10000,1028,8.95,60,8,4.85,73,0,10000,1028,8.95,60,8,4.85,73,0,10000,1028,8.95,60,8,4.85,73,0,10000,1028,8.95,60,8,4.85,73,0,10000,1028,8.95,60,8,4.85,73,0,10000
1029,9.84,61,40,6.17,75,0,10000,14,0,21,1,1029,9.78,60,41,6.16,54,0,10000,1029,9.78,60,41,6.16,54,0,10000,1029,9.78,60,41,6.16,54,0,10000,1029,9.78,60,41,6.16,54,0,10000,1029,9.78,60,41,6.16,54,0,10000,1029,9.78,60,41,6.16,54,0,10000,1029,9.78,60,41,6.16,54,0,10000,1029,9.78,60,41,6.16,54,0,10000,1029,9.78,60,41,6.16,54,0,10000,1029,9.78,60,41,6.16,54,0,10000,1029,9.78,60,41,6.16,54,0,10000,1029,9.78,60,41,6.16,54,0,10000
1029,9.84,61,40,6.17,75,0,10000,17,0,21,1,1029,9.16,65,42,5.35,34,0,10000,1029,9.16,65,42,5.35,34,0,10000,1029,9.16,65,42,5.35,34,0,10000,1029,9.16,65,42,5.35,34,0,10000,1029,9.16,65,42,5.35,34,0,10000,1029,9.16,65,42,5.35,34,0,10000,1029,9.16,65,42,5.35,34,0,10000,1029,9.16,65,42,5.35,34,0,10000,1029,9.16,65,42,5.35,34,0,10000,1029,9.16,65,42,5.35,34,0,10000,1029,9.16,65,42,5.35,34,0,10000,1029,9.16,65,42,5.35,34,0,10000
1029,9.84,61,40,6.17,75,0,10000,20,0,21,1,1030,7.31,66,39,5.92,16,0,10000,1030,7.31,66,39,5.92,16,0,10000,1030,7.31,66,39,5.92,16,0,10000,1030,7.31,66,39,5.92,16,0,10000,1030,7.31,66,39,5.92,16,0,10000,1030,7.31,66,39,5.92,16,0,10000,1030,7.31,66,39,5.92,16,0,10000,1030,7.31,66,39,5.92,16,0,10000,1030,7.31,66,39,5.92,16,0,10000,1030,7.31,66,39,5.92,16,0,10000,1030,7.31,66,39,5.92,16,0,10000,1030,7.31,66,39,5.92,16,0,10000
1029,9.84,61,40,6.17,75,0,10000,23,0,21,1,1030,6.59,75,46,5.63,11,0,10000,1030,6.59,75,46,5.63,11,0,10000,1030,6.59,75,46,5.63,11,0,10000,1030,6.59,75,46,5.63,11,0,10000,1030,6.59,75,46,5.63,11,0,10000,1030,6.59,75,46,5.63,11,0,10000,1030,6.59,75,46,5.63,11,0,10000,1030,6.59,75,46,5.63,11,0,10000,1030,6.59,75,46,5.63,11,0,10000,1030,6.59,75,46,5.63,11,0,10000,1030,6.59,75,46,5.63,11,0,10000,1030,6.59,75,46,5.63,11,0,10000
1029,9.84,61,40,6.17,75,0,10000,2,0,22,1,1030,5.22,76,35,4.02,7,0,10000,1030,5.22,76,35,4.02,7,0,10000,1030,5.22,76,35,4.02,7,0,10000,1030,5.22,76,35,4.02,7,0,10000,1030,5.22,76,35,4.02,7,0,10000,1030,5.22,76,35,4.02,7,0,10000,1030,5.22,76,35,4.02,7,0,10000,1030,5.22,76,35,4.02,7,0,10000,1030,5.22,76,35,4.02,7,0,10000,1030,5.22,76,35,4.02,7,0,10000,1030,5.22,76,35,4.02,7,0,10000,1030,5.22,76,35,4.02,7,0,10000
1029,9.84,61,40,6.17,75,0,10000,5,0,22,1,1030,6.25,78,27,4.13,29,0,10000,1030,6.25,78,27,4.13,29,0,10000,1030,6.25,78,27,4.13,29,0,10000,1030,6.25,78,27,4.13,29,0,10000,1030,6.25,78,27,4.13,29,0,10000,1030,6.25,78,27,4.13,29,0,10000,1030,6.25,78,27,4.13,29,0,10000,1030,6.25,78,27,4.13,29,0,10000,1030,6.25,78,27,4.13,29,0,10000,1030,6.25,78,27,4.13,29,0,10000,1030,6.25,78,27,4.13,29,0,10000,1030,6.25,78,27,4.13,29,0,10000
1029,9.84,61,40,6.17,75,0,10000,8,0,22,1,1029,8.4,65,22,5.32,67,0,10000,1029,8.4,65,22,5.32,67,0,10000,1029,8.4,65,22,5.32,67,0,10000,1029,8.4,65,22,5.32,67,0,10000,1029,8.4,65,22,5.32,67,0,10000,1029,8.4,65,22,5.32,67,0,10000,1029,8.4,65,22,5.32,67,0,10000,1029,8.4,65,22,5.32,67,0,10000,1029,8.4,65,22,5.32,67,0,10000,1029,8.4,65,22,5.32,67,0,10000,1029,8.4,65,22,5.32,67,0,10000,1029,8.4,65,22,5.32,67,0,10000
1029,9.84,61,40,6.17,75,0,10000,11,0,22,1,1028,8.95,60,8,4.85,73,0,10000,1028,8.95,60,8,4.85,73,0,10000,1028,8.95,60,8,4.85,73,0,10000,1028,8.95,60,8,4.85,73,0,10000,1028,8.95,60,8,4.85,73,0,10000,1028,8.95,60,8,4.85,73,0,10000,1028,8.95,60,8,4.85,73,0,10000,1028,8.95,60,8,4.85,73,0,10000,1028,8.95,60,8,4.85,73,0,10000,1028,8.95,60,8,4.85,73,0,10000,1028,8.95,60,8,4.85,73,0,10000,1028,8.95,60,8,4.85,73,0,10000
1029,9.84,61,40,6.17,75,0,10000,14,0,22,1,1029,9.78,60,41,6.16,54,0,10000,1029,9.78,60,41,6.16,54,0,10000,1029,9.78,60,41,6.16,54,0,10000,1029,9.78,60,41,6.16,54,0,10000,1029,9.78,60,41,6.16,54,0,10000,1029,9.78,60,41,6.16,54,0,10000,1029,9.78,60,41,6.16,54,0,10000,1029,9.78,60,41,6.16,54,0,10000,1029,9.78,60,41,6.16,54,0,10000,1029,9.78,60,41,6.16,54,0,10000,1029,9.78,60,41,6.16,54,0,10000,1029,9.78,60,41,6.16,54,0,10000
1029,9.84,61,40,6.17,75,0,10000,17,0,22,1,1029,9.16,65,42,5.35,34,0,10000,1029,9.16,65,42,5.35,34,0,10000,1029,9.16,65,42,5.35,34,0,10000,1029,9.16,65,42,5.35,34,0,10000,1029,9.16,65,42,5.35,34,0,10000,1029,9.16,65,42,5.35,34,0,10000,1029,9.16,65,42,5.35,34,0,10000,1029,9.16,65,42,5.35,34,0,10000,1029,9.16,65,42,5.35,34,0,10000,1029,9.16,65,42,5.35,34,0,10000,1029,9.16,65,42,5.35,34,0,10000,1029,9.16,65,42,5.35,34,0,10000
1029,9.84,61,40,6.17,75,0,10000,20,0,22,1,1030,7.31,66,39,5.92,16,0,10000,1030,7.31,66,39,5.92,16,0,10000,1030,7.31,66,39,5.92,16,0,10000,1030,7.31,66,39,5.92,16,0,10000,1030,7.31,66,39,5.92,16,0,10000,1030,7.31,66,39,5.92,16,0,10000,1030,7.31,66,39,5.92,16,0,10000,1030,7.31,66,39,5.92,16,0,10000,1030,7.31,66,39,5.92,16,0,10000,1030,7.31,66,39,5.92,16,0,10000,1030,7.31,66,39,5.92,16,0,10000,1030,7.31,66,39,5.92,16,0,10000
1029,9.84,61,40,6.17,75,0,10000,23,0,22,1,1030,6.59,75,46,5.63,11,0,10000,1030,6.59,75,46,5.63,11,0,10000,1030,6.59,75,46,5.63,11,0,10000,1030,6.59,75,46,5.63,11,0,10000,1030,6.59,75,46,5.63,11,0,10000,1030,6.59,75,46,5.63,11,0,10000,1030,6.59,75,46,5.63,11,0,10000,1030,6.59,75,46,5.63,11,0,10000,1030,6.59,75,46,5.63,11,0,10000,1030,6.59,75,46,5.63,11,0,10000,1030,6.59,75,46,5.63,11,0,10000,1030,6.59,75,46,5.63,11,0,10000
1029,9.84,61,40,6.17,75,0,10000,2,0,23,1,1030,5.22,76,35,4.02,7,0,10000,1030,5.22,76,35,4.02,7,0,10000,1030,5.22,76,35,4.02,7,0,10000,1030,5.22,76,35,4.02,7,0,10000,1030,5.22,76,35,4.02,7,0,10000,1030,5.22,76,35,4.02,7,0,10000,1030,5.22,76,35,4.02,7,0,10000,1030,5.22,76,35,4.02,7,0,10000,1030,5.22,76,35,4.02,7,0,10000,1030,5.22,76,35,4.02,7,0,10000,1030,5.22,76,35,4.02,7,0,10000,1030,5.22,76,35,4.02,7,0,10000
1029,9.84,61,40,6.17,75,0,10000,5,0,23,1,1030,6.25,78,27,4.13,29,0,10000,1030,6.25,78,27,4.13,29,0,10000,1030,6.25,78,27,4.13,29,0,10000,1030,6.25,78,27,4.13,29,0,10000,1030,6.25,78,27,4.13,29,0,10000,1030,6.25,78,27,4.13,29,0,10000,1030,6.25,78,27,4.13,29,0,10000,1030,6.25,78,27,4.13,29,0,10000,1030,6.25,78,27,4.13,29,0,10000,1030,6.25,78,27,4.13,29,0,10000,1030,6.25,78,27,4.13,29,0,10000,1030,6.25,78,27,4.13,29,0,10000
1029,9.84,61,40,6.17,75,0,10000,8,0,23,1,1029,8.4,65,22,5.32,67,0,10000,1029,8.4,65,22,5.32,67,0,10000,1029,8.4,65,22,5.32,67,0,10000,1029,8.4,65,22,5.32,67,0,10000,1029,8.4,65,22,5.32,67,0,10000,1029,8.4,65,22,5.32,67,0,10000,1029,8.4,65,22,5.32,67,0,10000,1029,8.4,65,22,5.32,67,0,10000,1029,8.4,65,22,5.32,67,0,10000,1029,8.4,65,22,5.32,67,0,10000,1029,8.4,65,22,5.32,67,0,10000,1029,8.4,65,22,5.32,67,0,10000
1029,9.84,61,40,6.17,75,0,10000,11,0,23,1,1028,8.95,60,8,4.85,73,0,10000,1028,8.95,60,8,4.85,73,0,10000,1028,8.95,60,8,4.85,73,0,10000,1028,8.95,60,8,4.85,73,0,10000,1028,8.95,60,8,4.85,73,0,10000,1028,8.95,60,8,4.85,73,0,10000,1028,8.95,60,8,4.85,73,0,10000,1028,8.95,60,8,4.85,73,0,10000,1028,8.95,60,8,4.85,73,0,10000,1028,8.95,60,8,4.85,73,0,10000,1028,8.95,60,8,4.85,73,0,10000,1028,8.95,60,8,4.85,73,0,10000
1029,9.84,61,40,6.17,75,0,10000,14,0,23,1,1029,9.78,60,41,6.16,54,0,10000,1029,9.78,60,41,6.16,54,0,10000,1029,9.78,60,41,6.16,54,0,10000,1029,9.78,60,41,6.16,54,0,10000,1029,9.78,60,41,6.16,54,0,10000,1029,9.78,60,41,6.16,54,0,10000,1029,9.78,60,41,6.16,54,0,10000,1029,9.78,60,41,6.16,54,0,10000,1029,9.78,60,41,6.16,54,0,10000,1029,9.78,60,41,6.16,54,0,10000,1029,9.78,60,41,6.16,54,0,10000,1029,9.78,60,41,6.16,54,0,10000
1029,9.84,61,40,6.17,75,0,10000,17,0,23,1,1029,9.16,65,42,5.35,34,0,10000,1029,9.16,65,42,5.35,34,0,10000,1029,9.16,65,42,5.35,34,0,10000,1029,9.16,65,42,5.35,34,0,10000,1029,9.16,65,42,5.35,34,0,10000,1029,9.16,65,42,5.35,34,0,10000,1029,9.16,65,42,5.35,34,0,10000,1029,9.16,65,42,5.35,34,0,10000,1029,9.16,65,42,5.35,34,0,10000,1029,9.16,65,42,5.35,34,0,10000,1029,9.16,65,42,5.35,34,0,10000,1029,9.16,65,42,5.35,34,0,10000
1029,9.84,61,40,6.17,75,0,10000,20,0,23,1,1030,7.31,66,39,5.92,16,0,10000,1030,7.31,66,39,5.92,16,0,10000,1030,7.31,66,39,5.92,16,0,10000,1030,7.31,66,39,5.92,16,0,10000,1030,7.31,66,39,5.92,16,0,10000,1030,7.31,66,39,5.92,16,0,10000,1030,7.31,66,39,5.92,16,0,10000,1030,7.31,66,39,5.92,16,0,10000,1030,7.31,66,39,5.92,16,0,10000,1030,7.31,66,39,5.92,16,0,10000,1030,7.31,66,39,5.92,16,0,10000,1030,7.31,66,39,5.92,16,0,10000
1029,9.84,61,40,6.17,75,0,10000,23,0,23,1,1030,6.59,75,46,5.63,11,0,10000,1030,6.59,75,46,5.63,11,0,10000,1030,6.59,75,46,5.63,11,0,10000,1030,6.59,75,46,5.63,11,0,10000,1030,6.59,75,46,5.63,11,0,10000,1030,6.59,75,46,5.63,11,0,10000,1030,6.59,75,46,5.63,11,0,10000,1030,6.59,75,46,5.63,11,0,10000,1030,6.59,75,46,5.63,11,0,10000,1030,6.59,75,46,5.63,11,0,10000,1030,6.59,75,46,5.63,11,0,10000,1030,6.59,75,46,5.63,11,0,10000
1029,9.84,61,40,6.17,75,0,10000,2,0,24,1,1030,5.22,76,35,4.02,7,0,10000,1030,5.22,76,35,4.02,7,0,10000,1030,5.22,76,35,4.02,7,0,10000,1030,5.22,76,35,4.02,7,0,10000,1030,5.22,76,35,4.02,7,0,10000,1030,5.22,76,35,4.02,7,0,10000,1030,5.22,76,35,4.02,7,0,10000,1030,5.22,76,35,4.02,7,0,10000,1030,5.22,76,35,4.02,7,0,10000,1030,5.22,76,35,4.02,7,0,10000,1030,5.22,76,35,4.02,7,0,10000,1030,5.22,76,35,4.02,7,0,10000
1029,9.84,61,40,6.17,75,0,10000,5,0,24,1,1030,6.25,78,27,4.13,29,0,10000,1030,6.25,78,27,4.13,29,0,10000,1030,6.25,78,27,4.13,29,0,10000,1030,6.25,78,27,4.13,29,0,10000,1030,6.25,78,27,4.13,29,0,10000,1030,6.25,78,27,4.13,29,0,10000,1030,6.25,78,27,4.13,29,0,10000,1030,6.25,78,27,4.13,29,0,10000,1030,6.25,78,27,4.13,29,0,10000,1030,6.25,78,27,4.13,29,0,10000,1030,6.25,78,27,4.13,29,0,10000,1030,6.25,78,27,4.13,29,0,10000
1029,9.84,61,40,6.17,75,0,10000,8,0,24,1,1029,8.4,65,22,5.32,67,0,10000,1029,8.4,65,22,5.32,67,0,10000,1029,8.4,65,22,5.32,67,0,10000,1029,8.4,65,22,5.32,67,0,10000,1029,8.4,65,22,5.32,67,0,10000,1029,8.4,65,22,5.32,67,0,10000,1029,8.4,65,22,5.32,67,0,10000,1029,8.4,65,22,5.32,67,0,10000,1029,8.4,65,22,5.32,67,0,10000,1029,8.4,65,22,5.32,67,0,10000,1029,8.4,65,22,5.32,67,0,10000,1029,8.4,65,22,5.32,67,0,10000
1029,9.84,61,40,6.17,75,0,10000,11,0,24,1,1028,8.95,60,8,4.85,73,0,10000,1028,8.95,60,8,4.85,73,0,10000,1028,8.95,60,8,4.85,73,0,10000,1028,8.95,60,8,4.85,73,0,10000,1028,8.95,60,8,4.85,73,0,10000,1028,8.95,60,8,4.85,73,0,10000,1028,8.95,60,8,4.85,73,0,10000,1028,8.95,60,8,4.85,73,0,10000,1028,8.95,60,8,4.85,73,0,10000,1028,8.95,60,8,4.85,73,0,10000,1028,8.95,60,8,4.85,73,0,10000,1028,8.95,60,8,4.85,73,0,10000
1029,9.84,61,40,6.17,75,0,10000,14,0,24,1,1029,9.78,60,41,6.16,54,0,10000,1029,9.78,60,41,6.16,54,0,10000,1029,9.78,60,41,6.16,54,0,10000,1029,9.78,60,41,6.16,54,0,10000,1029,9.78,60,41,6.16,54,0,10000,1029,9.78,60,41,6.16,54,0,10000,1029,9.78,60,41,6.16,54,0,10000,1029,9.78,60,41,6.16,54,0,10000,1029,9.78,60,41,6.16,54,0,10000,1029,9.78,60,41,6.16,54,0,10000,1029,9.78,60,41,6.16,54,0,10000,1029,9.78,60,41,6.16,54,0,10000
1029,9.84,61,40,6.17,75,0,10000,17,0,24,1,1029,9.16,65,42,5.35,34,0,10000,1029,9.16,65,42,5.35,34,0,10000,1029,9.16,65,42,5.35,34,0,10000,1029,9.16,65,42,5.35,34,0,10000,1029,9.16,65,42,5.35,34,0,10000,1029,9.16,65,42,5.35,34,0,10000,1029,9.16,65,42,5.35,34,0,10000,1029,9.16,65,42,5.35,34,0,10000,1029,9.16,65,42,5.35,34,0,10000,1029,9.16,65,42,5.35,34,0,10000,1029,9.16,65,42,5.35,34,0,10000,1029,9.16,65,42,5.35,34,0,10000
1029,9.84,61,40,6.17,75,0,10000,20,0,24,1,1030,7.31,66,39,5.92,16,0,10000,1030,7.31,66,39,5.92,16,0,10000,1030,7.31,66,39,5.92,16,0,10000,1030,7.31,66,39,5.92,16,0,10000,1030,7.31,66,39,5.92,16,0,10000,1030,7.31,66,39,5.92,16,0,10000,1030,7.31,66,39,5.92,16,0,10000,1030,7.31,66,39,5.92,16,0,10000,1030,7.31,66,39,5.92,16,0,10000,1030,7.31,66,39,5.92,16,0,10000,1030,7.31,66,39,5.92,16,0,10000,1030,7.31,66,39,5.92,16,0,10000
1029,9.84,61,40,6.17,75,0,10000,23,0,24,1,1030,6.59,75,46,5.63,11,0,10000,1030,6.59,75,46,5.63,11,0,10000,1030,6.59,75,46,5.63,11,0,10000,1030,6.59,75,46,5.63,11,0,10000,1030,6.59,75,46,5.63,11,0,10000,1030,6.59,75,46,5.63,11,0,10000,1030,6.59,75,46,5.63,11,0,10000,1030,6.59,75,46,5.63,11,0,10000,1030,6.59,75,46,5.63,11,0,10000,1030,6.59,75,46,5.63,11,0,10000,1030,6.59,75,46,5.63,11,0,10000,1030,6.59,75,46,5.63,11,0,10000
1029,9.84,61,40,6.17,75,0,10000,2,0,25,1,1030,5.22,76,35,4.02,7,0,10000,1030,5.22,76,35,4.02,7,0,10000,1030,5.22,76,35,4.02,7,0,10000,1030,5.22,76,35,4.02,7,0,10000,1030,5.22,76,35,4.02,7,0,10000,1030,5.22,76,35,4.02,7,0,10000,1030,5.22,76,35,4.02,7,0,10000,1030,5.22,76,35,4.02,7,0,10000,1030,5.22,76,35,4.02,7,0,10000,1030,5.22,76,35,4.02,7,0,10000,1030,5.22,76,35,4.02,7,0,10000,1030,5.22,76,35,4.02,7,0,10000
1029,9.84,61,40,6.17,75,0,10000,5,0,25,1,1030,6.25,78,27,4.13,29,0,10000,1030,6.25,78,27,4.13,29,0,10000,1030,6.25,78,27,4.13,29,0,10000,1030,6.25,78,27,4.13,29,0,10000,1030,6.25,78,27,4.13,29,0,10000,1030,6.25,78,27,4.13,29,0,10000,1030,6.25,78,27,4.13,29,0,10000,1030,6.25,78,27,4.13,29,0,10000,1030,6.25,78,27,4.13,29,0,10000,1030,6.25,78,27,4.13,29,0,10000,1030,6.25,78,27,4.13,29,0,10000,1030,6.25,78,27,4.13,29,0,10000
1029,9.84,61,40,6.17,75,0,10000,8,0,25,1,1029,8.4,65,22,5.32,67,0,10000,1029,8.4,65,22,5.32,67,0,10000,1029,8.4,65,22,5.32,67,0,10000,1029,8.4,65,22,5.32,67,0,10000,1029,8.4,65,22,5.32,67,0,10000,1029,8.4,65,22,5.32,67,0,10000,1029,8.4,65,22,5.32,67,0,10000,1029,8.4,65,22,5.32,67,0,10000,1029,8.4,65,22,5.32,67,0,10000,1029,8.4,65,22,5.32,67,0,10000,1029,8.4,65,22,5.32,67,0,10000,1029,8.4,65,22,5.32,67,0,10000
1029,9.84,61,40,6.17,75,0,10000,11,0,25,1,1028,8.95,60,8,4.85,73,0,10000,1028,8.95,60,8,4.85,73,0,10000,1028,8.95,60,8,4.85,73,0,10000,1028,8.95,60,8,4.85,73,0,10000,1028,8.95,60,8,4.85,73,0,10000,1028,8.95,60,8,4.85,73,0,10000,1028,8.95,60,8,4.85,73,0,10000,1028,8.95,60,8,4.85,73,0,10000,1028,8.95,60,8,4.85,73,0,10000,1028,8.95,60,8,4.85,73,0,10000,1028,8.95,60,8,4.85,73,0,10000,1028,8.95,60,8,4.85,73,0,10000
1029,9.84,61,40,6.17,75,0,10000,14,0,25,1,1029,9.78,60,41,6.16,54,0,10000,1029,9.78,60,41,6.16,54,0,10000,1029,9.78,60,41,6.16,54,0,10000,1029,9.78,60,41,6.16,54,0,10000,1029,9.78,60,41,6.16,54,0,10000,1029,9.78,60,41,6.16,54,0,10000,1029,9.78,60,41,6.16,54,0,10000,1029,9.78,60,41,6.16,54,0,10000,1029,9.78,60,41,6.16,54,0,10000,1029,9.78,60,41,6.16,54,0,10000,1029,9.78,60,41,6.16,54,0,10000,1029,9.78,60,41,6.16,54,0,10000
1029,9.84,61,40,6.17,75,0,10000,17,0,25,1,1029,9.16,65,42,5.35,34,0,10000,1029,9.16,65,42,5.35,34,0,10000,1029,9.16,65,42,5.35,34,0,10000,1029,9.16,65,42,5.35,34,0,10000,1029,9.16,65,42,5.35,34,0,10000,1029,9.16,65,42,5.35,34,0,10000,1029,9.16,65,42,5.35,34,0,10000,1029,9.16,65,42,5.35,34,0,10000,1029,9.16,65,42,5.35,34,0,10000,1029,9.16,65,42,5.35,34,0,10000,1029,9.16,65,42,5.35,34,0,10000,1029,9.16,65,42,5.35,34,0,10000
1029,9.84,61,40,6.17,75,0,10000,20,0,25,1,1030,7.31,66,39,5.92,16,0,10000,1030,7.31,66,39,5.92,16,0,10000,1030,7.31,66,39,5.92,16,0,10000,1030,7.31,66,39,5.92,16,0,10000,1030,7.31,66,39,5.92,16,0,10000,1030,7.31,66,39,5.92,16,0,10000,1030,7.31,66,39,5.92,16,0,10000,1030,7.31,66,39,5.92,16,0,10000,1030,7.31,66,39,5.92,16,0,10000,1030,7.31,66,39,5.92,16,0,10000,1030,7.31,66,39,5.92,16,0,10000,1030,7.31,66,39,5.92,16,0,10000
1029,9.84,61,40,6.17,75,0,10000,23,0,25,1,1030,6.59,75,46,5.63,11,0,10000,1030,6.59,75,46,5.63,11,0,10000,1030,6.59,75,46,5.63,11,0,10000,1030,6.59,75,46,5.63,11,0,10000,1030,6.59,75,46,5.63,11,0,10000,1030,6.59,75,46,5.63,11,0,10000,1030,6.59,75,46,5.63,11,0,10000,1030,6.59,75,46,5.63,11,0,10000,1030,6.59,75,46,5.63,11,0,10000,1030,6.59,75,46,5.63,11,0,10000,1030,6.59,75,46,5.63,11,0,10000,1030,6.59,75,46,5.63,11,0,10000
1029,9.84,61,40,6.17,75,0,10000,2,0,26,1,1030,5.22,76,35,4.02,7,0,10000,1030,5.22,76,35,4.02,7,0,10000,1030,5.22,76,35,4.02,7,0,10000,1030,5.22,76,35,4.02,7,0,10000,1030,5.22,76,35,4.02,7,0,10000,1030,5.22,76,35,4.02,7,0,10000,1030,5.22,76,35,4.02,7,0,10000,1030,5.22,76,35,4.02,7,0,10000,1030,5.22,76,35,4.02,7,0,10000,1030,5.22,76,35,4.02,7,0,10000,1030,5.22,76,35,4.02,7,0,10000,1030,5.22,76,35,4.02,7,0,10000
1029,9.84,61,40,6.17,75,0,10000,5,0,26,1,1030,6.25,78,27,4.13,29,0,10000,1030,6.25,78,27,4.13,29,0,10000,1030,6.25,78,27,4.13,29,0,10000,1030,6.25,78,27,4.13,29,0,10000,1030,6.25,78,27,4.13,29,0,10000,1030,6.25,78,27,4.13,29,0,10000,1030,6.25,78,27,4.13,29,0,10000,1030,6.25,78,27,4.13,29,0,10000,1030,6.25,78,27,4.13,29,0,10000,1030,6.25,78,27,4.13,29,0,10000,1030,6.25,78,27,4.13,29,0,10000,1030,6.25,78,27,4.13,29,0,10000
1029,9.84,61,40,6.17,75,0,10000,8,0,26,1,1029,8.4,65,22,5.32,67,0,10000,1029,8.4,65,22,5.32,67,0,10000,1029,8.4,65,22,5.32,67,0,10000,1029,8.4,65,22,5.32,67,0,10000,1029,8.4,65,22,5.32,67,0,10000,1029,8.4,65,22,5.32,67,0,10000,1029,8.4,65,22,5.32,67,0,10000,1029,8.4,65,22,5.32,67,0,10000,1029,8.4,65,22,5.32,67,0,10000,1029,8.4,65,22,5.32,67,0,10000,1029,8.4,65,22,5.32,67,0,10000,1029,8.4,65,22,5.32,67,0,10000
1029,9.84,61,40,6.17,75,0,10000,11,0,26,1,1028,8.95,60,8,4.85,73,0,10000,1028,8.95,60,8,4.85,73,0,10000,1028,8.95,60,8,4.85,73,0,10000,1028,8.95,60,8,4.85,73,0,10000,1028,8.95,60,8,4.85,73,0,10000,1028,8.95,60,8,4.85,73,0,10000,1028,8.95,60,8,4.85,73,0,10000,1028,8.95,60,8,4.85,73,0,10000,1028,8.95,60,8,4.85,73,0,10000,1028,8.95,60,8,4.85,73,0,10000,1028,8.95,60,8,4.85,73,0,10000,1028,8.95,60,8,4.85,73,0,10000
1029,9.84,61,40,6.17,75,0,10000,14,0,26,1,1029,9.78,60,41,6.16,54,0,10000,1029,9.78,60,41,6.16,54,0,10000,1029,9.78,60,41,6.16,54,0,10000,1029,9.78,60,41,6.16,54,0,10000,1029,9.78,60,41,6.16,54,0,10000,1029,9.78,60,41,6.16,54,0,10000,1029,9.78,60,41,6.16,54,0,10000,1029,9.78,60,41,6.16,54,0,10000,1029,9.78,60,41,6.16,54,0,10000,1029,9.78,60,41,6.16,54,0,10000,1029,9.78,60,41,6.16,54,0,10000,1029,9.78,60,41,6.16,54,0,10000
1029,9.84,61,40,6.17,75,0,10000,17,0,26,1,1029,9.16,65,42,5.35,34,0,10000,1029,9.16,65,42,5.35,34,0,10000,1029,9.16,65,42,5.35,34,0,10000,1029,9.16,65,42,5.35,34,0,10000,1029,9.16,65,42,5.35,34,0,10000,1029,9.16,65,42,5.35,34,0,10000,1029,9.16,65,42,5.35,34,0,10000,1029,9.16,65,42,5.35,34,0,10000,1029,9.16,65,42,5.35,34,0,10000,1029,9.16,65,42,5.35,34,0,10000,1029,9.16,65,42,5.35,34,0,10000,1029,9.16,65,42,5.35,34,0,10000
1029,9.84,61,40,6.17,75,0,10000,20,0,26,1,1030,7.31,66,39,5.92,16,0,10000,1030,7.31,66,39,5.92,16,0,10000,1030,7.31,66,39,5.92,16,0,10000,1030,7.31,66,39,5.92,16,0,10000,1030,7.31,66,39,5.92,16,0,10000,1030,7.31,66,39,5.92,16,0,10000,1030,7.31,66,39,5.92,16,0,10000,1030,7.31,66,39,5.92,16,0,10000,1030,7.31,66,39,5.92,16,0,10000,1030,7.31,66,39,5.92,16,0,10000,1030,7.31,66,39,5.92,16,0,10000,1030,7.31,66,39,5.92,16,0,10000
1029,9.84,61,40,6.17,75,0,10000,23,0,26,1,1030,6.59,75,46,5.63,11,0,10000,1030,6.59,75,46,5.63,11,0,10000,1030,6.59,75,46,5.63,11,0,10000,1030,6.59,75,46,5.63,11,0,10000,1030,6.59,75,46,5.63,11,0,10000,1030,6.59,75,46,5.63,11,0,10000,1030,6.59,75,46,5.63,11,0,10000,1030,6.59,75,46,5.63,11,0,10000,1030,6.59,75,46,5.63,11,0,10000,1030,6.59,75,46,5.63,11,0,10000,1030,6.59,75,46,5.63,11,0,10000,1030,6.59,75,46,5.63,11,0,10000
1029,9.84,61,40,6.17,75,0,10000,2,0,27,1,1030,5.22,76,35,4.02,7,0,10000,1030,5.22,76,35,4.02,7,0,10000,1030,5.22,76,35,4.02,7,0,10000,1030,5.22,76,35,4.02,7,0,10000,1030,5.22,76,35,4.02,7,0,10000,1030,5.22,76,35,4.02,7,0,10000,1030,5.22,76,35,4.02,7,0,10000,1030,5.22,76,35,4.02,7,0,10000,1030,5.22,76,35,4.02,7,0,10000,1030,5.22,76,35,4.02,7,0,10000,1030,5.22,76,35,4.02,7,0,10000,1030,5.22,76,35,4.02,7,0,10000
1029,9.84,61,40,6.17,75,0,10000,5,0,27,1,1030,6.25,78,27,4.13,29,0,10000,1030,6.25,78,27,4.13,29,0,10000,1030,6.25,78,27,4.13,29,0,10000,1030,6.25,78,27,4.13,29,0,10000,1030,6.25,78,27,4.13,29,0,10000,1030,6.25,78,27,4.13,29,0,10000,1030,6.25,78,27,4.13,29,0,10000,1030,6.25,78,27,4.13,29,0,10000,1030,6.25,78,27,4.13,29,0,10000,1030,6.25,78,27,4.13,29,0,10000,1030,6.25,78,27,4.13,29,0,10000,1030,6.25,78,27,4.13,29,0,10000
1029,9.84,61,40,6.17,75,0,10000,8,0,27,1,1029,8.4,65,22,5.32,67,0,10000,1029,8.4,65,22,5.32,67,0,10000,1029,8.4,65,22,5.32,67,0,10000,1029,8.4,65,22,5.32,67,0,10000,1029,8.4,65,22,5.32,67,0,10000,1029,8.4,65,22,5.32,67,0,10000,1029,8.4,65,22,5.32,67,0,10000,1029,8.4,65,22,5.32,67,0,10000,1029,8.4,65,22,5.32,67,0,10000,1029,8.4,65,22,5.32,67,0,10000,1029,8.4,65,22,5.32,67,0,10000,1029,8.4,65,22,5.32,67,0,10000
1029,9.84,61,40,6.17,75,0,10000,11,0,27,1,1028,8.95,60,8,4.85,73,0,10000,1028,8.95,60,8,4.85,73,0,10000,1028,8.95,60,8,4.85,73,0,10000,1028,8.95,60,8,4.85,73,0,10000,1028,8.95,60,8,4.85,73,0,10000,1028,8.95,60,8,4.85,73,0,10000,1028,8.95,60,8,4.85,73,0,10000,1028,8.95,60,8,4.85,73,0,10000,1028,8.95,60,8,4.85,73,0,10000,1028,8.95,60,8,4.85,73,0,10000,1028,8.95,60,8,4.85,73,0,10000,1028,8.95,60,8,4.85,73,0,10000
1029,9.84,61,40,6.17,75,0,10000,14,0,27,1,1029,9.78,60,41,6.16,54,0,10000,1029,9.78,60,41,6.16,54,0,10000,1029,9.78,60,41,6.16,54,0,10000,1029,9.78,60,41,6.16,54,0,10000,1029,9.78,60,41,6.16,54,0,10000,1029,9.78,60,41,6.16,54,0,10000,1029,9.78,60,41,6.16,54,0,10000,1029,9.78,60,41,6.16,54,0,10000,1029,9.78,60,41,6.16,54,0,10000,1029,9.78,60,41,6.16,54,0,10000,1029,9.78,60,41,6.16,54,0,10000,1029,9.78,60,41,6.16,54,0,10000
1029,9.84,61,40,6.17,75,0,10000,17,0,27,1,1029,9.16,65,42,5.35,34,0,10000,1029,9.16,65,42,5.35,34,0,10000,1029,9.16,65,42,5.35,34,0,10000,1029,9.16,65,42,5.35,34,0,10000,1029,9.16,65,42,5.35,34,0,10000,1029,9.16,65,42,5.35,34,0,10000,1029,9.16,65,42,5.35,34,0,10000,1029,9.16,65,42,5.35,34,0,10000,1029,9.16,65,42,5.35,34,0,10000,1029,9.16,65,42,5.35,34,0,10000,1029,9.16,65,42,5.35,34,0,10000,1029,9.16,65,42,5.35,34,0,10000
1029,9.84,61,40,6.17,75,0,10000,20,0,27,1,1030,7.31,66,39,5.92,16,0,10000,1030,7.31,66,39,5.92,16,0,10000,1030,7.31,66,39,5.92,16,0,10000,1030,7.31,66,39,5.92,16,0,10000,1030,7.31,66,39,5.92,16,0,10000,1030,7.31,66,39,5.92,16,0,10000,1030,7.31,66,39,5.92,16,0,10000,1030,7.31,66,39,5.92,16,0,10000,1030,7.31,66,39,5.92,16,0,10000,1030,7.31,66,39,5.92,16,0,10000,1030,7.31,66,39,5.92,16,0,10000,1030,7.31,66,39,5.92,16,0,10000
1029,9.84,61,40,6.17,75,0,10000,23,0,27,1,1030,6.59,75,46,5.63,11,0,10000,1030,6.59,75,46,5.63,11,0,10000,1030,6.59,75,46,5.63,11,0,10000,1030,6.59,75,46,5.63,11,0,10000,1030,6.59,75,46,5.63,11,0,10000,1030,6.59,75,46,5.63,11,0,10000,1030,6.59,75,46,5.63,11,0,10000,1030,6.59,75,46,5.63,11,0,10000,1030,6.59,75,46,5.63,11,0,10000,1030,6.59,75,46,5.63,11,0,10000,1030,6.59,75,46,5.63,11,0,10000,1030,6.59,75,46,5.63,11,0,10000
1029,9.84,61,40,6.17,75,0,10000,2,0,28,1,1030,5.22,76,35,4.02,7,0,10000,1030,5.22,76,35,4.02,7,0,10000,1030,5.22,76,35,4.02,7,0,10000,1030,5.22,76,35,4.02,7,0,10000,1030,5.22,76,35,4.02,7,0,10000,1030,5.22,76,35,4.02,7,0,10000,1030,5.22,76,35,4.02,7,0,10000,1030,5.22,76,35,4.02,7,0,10000,1030,5.22,76,35,4.02,7,0,10000,1030,5.22,76,35,4.02,7,0,10000,1030,5.22,76,35,4.02,7,0,10000,1030,5.22,76,35,4.02,7,0,10000
1029,9.84,61,40,6.17,75,0,10000,5,0,28,1,1030,6.25,78,27,4.13,29,0,10000,1030,6.25,78,27,4.13,29,0,10000,1030,6.25,78,27,4.13,29,0,10000,1030,6.25,78,27,4.13,29,0,10000,1030,6.25,78,27,4.13,29,0,10000,1030,6.25,78,27,4.13,29,0,10000,1030,6.25,78,27,4.13,29,0,10000,1030,6.25,78,27,4.13,29,0,10000,1030,6.25,78,27,4.13,29,0,10000,1030,6.25,78,27,4.13,29,0,10000,1030,6.25,78,27,4.13,29,0,10000,1030,6.25,78,27,4.13,29,0,10000
1029,9.84,61,40,6.17,75,0,10000,8,0,28,1,1029,8.4,65,22,5.32,67,0,10000,1029,8.4,65,22,5.32,67,0,10000,1029,8.4,65,22,5.32,67,0,10000,1029,8.4,65,22,5.32,67,0,10000,1029,8.4,65,22,5.32,67,0,10000,1029,8.4,65,22,5.32,67,0,10000,1029,8.4,65,22,5.32,67,0,10000,1029,8.4,65,22,5.32,67,0,10000,1029,8.4,65,22,5.32,67,0,10000,1029,8.4,65,22,5.32,67,0,10000,1029,8.4,65,22,5.32,67,0,10000,1029,8.4,65,22,5.32,67,0,10000
1029,9.84,61,40,6.17,75,0,10000,11,0,28,1,1028,8.95,60,8,4.85,73,0,10000,1028,8.95,60,8,4.85,73,0,10000,1028,8.95,60,8,4.85,73,0,10000,1028,8.95,60,8,4.85,73,0,10000,1028,8.95,60,8,4.85,73,0,10000,1028,8.95,60,8,4.85,73,0,10000,1028,8.95,60,8,4.85,73,0,10000,1028,8.95,60,8,4.85,73,0,10000,1028,8.95,60,8,4.85,73,0,10000,1028,8.95,60,8,4.85,73,0,10000,1028,8.95,60,8,4.85,73,0,10000,1028,8.95,60,8,4.85,73,0,10000
1029,9.84,61,40,6.17,75,0,10000,14,0,28,1,1029,9.78,60,41,6.16,54,0,10000,1029,9.78,60,41,6.16,54,0,10000,1029,9.78,60,41,6.16,54,0,10000,1029,9.78,60,41,6.16,54,0,10000,1029,9.78,60,41,6.16,54,0,10000,1029,9.78,60,41,6.16,54,0,10000,1029,9.78,60,41,6.16,54,0,10000,1029,9.78,60,41,6.16,54,0,10000,1029,9.78,60,41,6.16,54,0,10000,1029,9.78,60,41,6.16,54,0,10000,1029,9.78,60,41,6.16,54,0,10000,1029,9.78,60,41,6.16,54,0,10000
1029,9.84,61,40,6.17,75,0,10000,17,0,28,1,1029,9.16,65,42,5.35,34,0,10000,1029,9.16,65,42,5.35,34,0,10000,1029,9.16,65,42,5.35,34,0,10000,1029,9.16,65,42,5.35,34,0,10000,1029,9.16,65,42,5.35,34,0,10000,1029,9.16,65,42,5.35,34,0,10000,1029,9.16,65,42,5.35,34,0,10000,1029,9.16,65,42,5.35,34,0,10000,1029,9.16,65,42,5.35,34,0,10000,1029,9.16,65,42,5.35,34,0,10000,1029,9.16,65,42,5.35,34,0,10000,1029,9.16,65,42,5.35,34,0,10000
1029,9.84,61,40,6.17,75,0,10000,20,0,28,1,1030,7.31,66,39,5.92,16,0,10000,1030,7.31,66,39,5.92,16,0,10000,1030,7.31,66,39,5.92,16,0,10000,1030,7.31,66,39,5.92,16,0,10000,1030,7.31,66,39,5.92,16,0,10000,1030,7.31,66,39,5.92,16,0,10000,1030,7.31,66,39,5.92,16,0,10000,1030,7.31,66,39,5.92,16,0,10000,1030,7.31,66,39,5.92,16,0,10000,1030,7.31,66,39,5.92,16,0,10000,1030,7.31,66,39,5.92,16,0,10000,1030,7.31,66,39,5.92,16,0,10000
1029,9.84,61,40,6.17,75,0,10000,23,0,28,1,1030,6.59,75,46,5.63,11,0,10000,1030,6.59,75,46,5.63,11,0,10000,1030,6.59,75,46,5.63,11,0,10000,1030,6.59,75,46,5.63,11,0,10000,1030,6.59,75,46,5.63,11,0,10000,1030,6.59,75,46,5.63,11,0,10000,1030,6.59,75,46,5.63,11,0,10000,1030,6.59,75,46,5.63,11,0,10000,1030,6.59,75,46,5.63,11,0,10000,1030,6.59,75,46,5.63,11,0,10000,1030,6.59,75,46,5.63,11,0,10000,1030,6.59,75,46,5.63,11,0,10000
1029,9.84,61,40,6.17,75,0,10000,2,0,29,1,1030,5.22,76,35,4.02,7,0,10000,1030,5.22,76,35,4.02,7,0,10000,1030,5.22,76,35,4.02,7,0,10000,1030,5.22,76,35,4.02,7,0,10000,1030,5.22,76,35,4.02,7,0,10000,1030,5.22,76,35,4.02,7,0,10000,1030,5.22,76,35,4.02,7,0,10000,1030,5.22,76,35,4.02,7,0,10000,1030,5.22,76,35,4.02,7,0,10000,1030,5.22,76,35,4.02,7,0,10000,1030,5.22,76,35,4.02,7,0,10000,1030,5.22,76,35,4.02,7,0,10000
1029,9.84,61,40,6.17,75,0,10000,5,0,29,1,1030,6.25,78,27,4.13,29,0,10000,1030,6.25,78,27,4.13,29,0,10000,1030,6.25,78,27,4.13,29,0,10000,1030,6.25,78,27,4.13,29,0,10000,1030,6.25,78,27,4.13,29,0,10000,1030,6.25,78,27,4.13,29,0,10000,1030,6.25,78,27,4.13,29,0,10000,1030,6.25,78,27,4.13,29,0,10000,1030,6.25,78,27,4.13,29,0,10000,1030,6.25,78,27,4.13,29,0,10000,1030,6.25,78,27,4.13,29,0,10000,1030,6.25,78,27,4.13,29,0,10000
1029,9.84,61,40,6.17,75,0,10000,8,0,29,1,1029,8.4,65,22,5.32,67,0,10000,1029,8.4,65,22,5.32,67,0,10000,1029,8.4,65,22,5.32,67,0,10000,1029,8.4,65,22,5.32,67,0,10000,1029,8.4,65,22,5.32,67,0,10000,1029,8.4,65,22,5.32,67,0,10000,1029,8.4,65,22,5.32,67,0,10000,1029,8.4,65,22,5.32,67,0,10000,1029,8.4,65,22,5.32,67,0,10000,1029,8.4,65,22,5.32,67,0,10000,1029,8.4,65,22,5.32,67,0,10000,1029,8.4,65,22,5.32,67,0,10000
1029,9.84,61,40,6.17,75,0,10000,11,0,29,1,1028,8.95,60,8,4.85,73,0,10000,1028,8.95,60,8,4.85,73,0,10000,1028,8.95,60,8,4.85,73,0,10000,1028,8.95,60,8,4.85,73,0,10000,1028,8.95,60,8,4.85,73,0,10000,1028,8.95,60,8,4.85,73,0,10000,1028,8.95,60,8,4.85,73,0,10000,1028,8.95,60,8,4.85,73,0,10000,1028,8.95,60,8,4.85,73,0,10000,1028,8.95,60,8,4.85,73,0,10000,1028,8.95,60,8,4.85,73,0,10000,1028,8.95,60,8,4.85,73,0,10000
1029,9.84,61,40,6.17,75,0,10000,14,0,29,1,1029,9.78,60,41,6.16,54,0,10000,1029,9.78,60,41,6.16,54,0,10000,1029,9.78,60,41,6.16,54,0,10000,1029,9.78,60,41,6.16,54,0,10000,1029,9.78,60,41,6.16,54,0,10000,1029,9.78,60,41,6.16,54,0,10000,1029,9.78,60,41,6.16,54,0,10000,1029,9.78,60,41,6.16,54,0,10000,1029,9.78,60,41,6.16,54,0,10000,1029,9.78,60,41,6.16,54,0,10000,1029,9.78,60,41,6.16,54,0,10000,1029,9.78,60,41,6.16,54,0,10000
1029,9.84,61,40,6.17,75,0,10000,17,0,29,1,1029,9.16,65,42,5.35,34,0,10000,1029,9.16,65,42,5.35,34,0,10000,1029,9.16,65,42,5.35,34,0,10000,1029,9.16,65,42,5.35,34,0,10000,1029,9.16,65,42,5.35,34,0,10000,1029,9.16,65,42,5.35,34,0,10000,1029,9.16,65,42,5.35,34,0,10000,1029,9.16,65,42,5.35,34,0,10000,1029,9.16,65,42,5.35,34,0,10000,1029,9.16,65,42,5.35,34,0,10000,1029,9.16,65,42,5.35,34,0,10000,1029,9.16,65,42,5.35,34,0,10000
1029,9.84,61,40,6.17,75,0,10000,20,0,29,1,1030,7.31,66,39,5.92,16,0,10000,1030,7.31,66,39,5.92,16,0,10000,1030,7.31,66,39,5.92,16,0,10000,1030,7.31,66,39,5.92,16,0,10000,1030,7.31,66,39,5.92,16,0,10000,1030,7.31,66,39,5.92,16,0,10000,1030,7.31,66,39,5.92,16,0,10000,1030,7.31,66,39,5.92,16,0,10000,1030,7.31,66,39,5.92,16,0,10000,1030,7.31,66,39,5.92,16,0,10000,1030,7.31,66,39,5.92,16,0,10000,1030,7.31,66,39,5.92,16,0,10000
1029,9.84,61,40,6.17,75,0,10000,23,0,29,1,1030,6.59,75,46,5.63,11,0,10000,1030,6.59,75,46,5.63,11,0,10000,1030,6.59,75,46,5.63,11,0,10000,1030,6.59,75,46,5.63,11,0,10000,1030,6.59,75,46,5.63,11,0,10000,1030,6.59,75,46,5.63,11,0,10000,1030,6.59,75,46,5.63,11,0,10000,1030,6.59,75,46,5.63,11,0,10000,1030,6.59,75,46,5.63,11,0,10000,1030,6.59,75,46,5.63,11,0,10000,1030,6.59,75,46,5.63,11,0,10000,1030,6.59,75,46,5.63,11,0,10000
1029,9.84,61,40,6.17,75,0,10000,2,0,30,1,1030,5.22,76,35,4.02,7,0,10000,1030,5.22,76,35,4.02,7,0,10000,1030,5.22,76,35,4.02,7,0,10000,1030,5.22,76,35,4.02,7,0,10000,1030,5.22,76,35,4.02,7,0,10000,1030,5.22,76,35,4.02,7,0,10000,1030,5.22,76,35,4.02,7,0,10000,1030,5.22,76,35,4.02,7,0,10000,1030,5.22,76,35,4.02,7,0,10000,1030,5.22,76,35,4.02,7,0,10000,1030,5.22,76,35,4.02,7,0,10000,1030,5.22,76,35,4.02,7,0,10000
1029,9.84,61,40,6.17,75,0,10000,5,0,30,1,1030,6.25,78,27,4.13,29,0,10000,1030,6.25,78,27,4.13,29,0,10000,1030,6.25,78,27,4.13,29,0,10000,1030,6.25,78,27,4.13,29,0,10000,1030,6.25,78,27,4.13,29,0,10000,1030,6.25,78,27,4.13,29,0,10000,1030,6.25,78,27,4.13,29,0,10000,1030,6.25,78,27,4.13,29,0,10000,1030,6.25,78,27,4.13,29,0,10000,1030,6.25,78,27,4.13,29,0,10000,1030,6.25,78,27,4.13,29,0,10000,1030,6.25,78,27,4.13,29,0,10000
1029,9.84,61,40,6.17,75,0,10000,8,0,30,1,1029,8.4,65,22,5.32,67,0,10000,1029,8.4,65,22,5.32,67,0,10000,1029,8.4,65,22,5.32,67,0,10000,1029,8.4,65,22,5.32,67,0,10000,1029,8.4,65,22,5.32,67,0,10000,1029,8.4,65,22,5.32,67,0,10000,1029,8.4,65,22,5.32,67,0,10000,1029,8.4,65,22,5.32,67,0,10000,1029,8.4,65,22,5.32,67,0,10000,1029,8.4,65,22,5.32,67,0,10000,1029,8.4,65,22,5.32,67,0,10000,1029,8.4,65,22,5.32,67,0,10000
1029,9.84,61,40,6.17,75,0,10000,11,0,30,1,1028,8.95,60,8,4.85,73,0,10000,1028,8.95,60,8,4.85,73,0,10000,1028,8.95,60,8,4.85,73,0,10000,1028,8.95,60,8,4.85,73,0,10000,1028,8.95,60,8,4.85,73,0,10000,1028,8.95,60,8,4.85,73,0,10000,1028,8.95,60,8,4.85,73,0,10000,1028,8.95,60,8,4.85,73,0,10000,1028,8.95,60,8,4.85,73,0,10000,1028,8.95,60,8,4.85,73,0,10000,1028,8.95,60,8,4.85,73,0,10000,1028,8.95,60,8,4.85,73,0,10000
1029,9.84,61,40,6.17,75,0,10000,14,0,30,1,1029,9.78,60,41,6.16,54,0,10000,1029,9.78,60,41,6.16,54,0,10000,1029,9.78,60,41,6.16,54,0,10000,1029,9.78,60,41,6.16,54,0,10000,1029,9.78,60,41,6.16,54,0,10000,1029,9.78,60,41,6.16,54,0,10000,1029,9.78,60,41,6.16,54,0,10000,1029,9.78,60,41,6.16,54,0,10000,1029,9.78,60,41,6.16,54,0,10000,1029,9.78,60,41,6.16,54,0,10000,1029,9.78,60,41,6.16,54,0,10000,1029,9.78,60,41,6.16,54,0,10000
1029,9.84,61,40,6.17,75,0,10000,17,0,30,1,1029,9.16,65,42,5.35,34,0,10000,1029,9.16,65,42,5.35,34,0,10000,1029,9.16,65,42,5.35,34,0,10000,1029,9.16,65,42,5.35,34,0,10000,1029,9.16,65,42,5.35,34,0,10000,1029,9.16,65,42,5.35,34,0,10000,1029,9.16,65,42,5.35,34,0,10000,1029,9.16,65,42,5.35,34,0,10000,1029,9.16,65,42,5.35,34,0,10000,1029,9.16,65,42,5.35,34,0,10000,1029,9.16,65,42,5.35,34,0,10000,1029,9.16,65,42,5.35,34,0,10000
1029,9.84,61,40,6.17,75,0,10000,20,0,30,1,1030,7.31,66,39,5.92,16,0,10000,1030,7.31,66,39,5.92,16,0,10000,1030,7.31,66,39,5.92,16,0,10000,1030,7.31,66,39,5.92,16,0,10000,1030,7.31,66,39,5.92,16,0,10000,1030,7.31,66,39,5.92,16,0,10000,1030,7.31,66,39,5.92,16,0,10000,1030,7.31,66,39,5.92,16,0,10000,1030,7.31,66,39,5.92,16,0,10000,1030,7.31,66,39,5.92,16,0,10000,1030,7.31,66,39,5.92,16,0,10000,1030,7.31,66,39,5.92,16,0,10000
1029,9.84,61,40,6.17,75,0,10000,23,0,30,1,1030,6.59,75,46,5.63,11,0,10000,1030,6.59,75,46,5.63,11,0,10000,1030,6.59,75,46,5.63,11,0,10000,1030,6.59,75,46,5.63,11,0,10000,1030,6.59,75,46,5.63,11,0,10000,1030,6.59,75,46,5.63,11,0,10000,1030,6.59,75,46,5.63,11,0,10000,1030,6.59,75,46,5.63,11,0,10000,1030,6.59,75,46,5.63,11,0,10000,1030,6.59,75,46,5.63,11,0,10000,1030,6.59,75,46,5.63,11,0,10000,1030,6.59,75,46,5.63,11,0,10000
1029,9.84,61,40,6.17,75,0,10000,2,0,31,1,1030,5.22,76,35,4.02,7,0,10000,1030,5.22,76,35,4.02,7,0,10000,1030,5.22,76,35,4.02,7,0,10000,1030,5.22,76,35,4.02,7,0,10000,1030,5.22,76,35,4.02,7,0,10000,1030,5.22,76,35,4.02,7,0,10000,1030,5.22,76,35,4.02,7,0,10000,1030,5.22,76,35,4.02,7,0,10000,1030,5.22,76,35,4.02,7,0,10000,1030,5.22,76,35,4.02,7,0,10000,1030,5.22,76,35,4.02,7,0,10000,1030,5.22,76,35,4.02,7,0,10000
1029,9.84,61,40,6.17,75,0,10000,5,0,31,1,1030,6.25,78,27,4.13,29,0,10000,1030,6.25,78,27,4.13,29,0,10000,1030,6.25,78,27,4.13,29,0,10000,1030,6.25,78,27,4.13,29,0,10000,1030,6.25,78,27,4.13,29,0,10000,1030,6.25,78,27,4.13,29,0,10000,1030,6.25,78,27,4.13,29,0,10000,1030,6.25,78,27,4.13,29,0,10000,1030,6.25,78,27,4.13,29,0,10000,1030,6.25,78,27,4.13,29,0,10000,1030,6.25,78,27,4.13,29,0,10000,1030,6.25,78,27,4.13,29,0,10000
1029,9.84,61,40,6.17,75,0,10000,8,0,31,1,1029,8.4,65,22,5.32,67,0,10000,1029,8.4,65,22,5.32,67,0,10000,1029,8.4,65,22,5.32,67,0,10000,1029,8.4,65,22,5.32,67,0,10000,1029,8.4,65,22,5.32,67,0,10000,1029,8.4,65,22,5.32,67,0,10000,1029,8.4,65,22,5.32,67,0,10000,1029,8.4,65,22,5.32,67,0,10000,1029,8.4,65,22,5.32,67,0,10000,1029,8.4,65,22,5.32,67,0,10000,1029,8.4,65,22,5.32,67,0,10000,1029,8.4,65,22,5.32,67,0,10000
1029,9.84,61,40,6.17,75,0,10000,11,0,31,1,1028,8.95,60,8,4.85,73,0,10000,1028,8.95,60,8,4.85,73,0,10000,1028,8.95,60,8,4.85,73,0,10000,1028,8.95,60,8,4.85,73,0,10000,1028,8.95,60,8,4.85,73,0,10000,1028,8.95,60,8,4.85,73,0,10000,1028,8.95,60,8,4.85,73,0,10000,1028,8.95,60,8,4.85,73,0,10000,1028,8.95,60,8,4.85,73,0,10000,1028,8.95,60,8,4.85,73,0,10000,1028,8.95,60,8,4.85,73,0,10000,1028,8.95,60,8,4.85,73,0,10000
1029,9.84,61,40,6.17,75,0,10000,14,0,31,1,1029,9.78,60,41,6.16,54,0,10000,1029,9.78,60,41,6.16,54,0,10000,1029,9.78,60,41,6.16,54,0,10000,1029,9.78,60,41,6.16,54,0,10000,1029,9.78,60,41,6.16,54,0,10000,1029,9.78,60,41,6.16,54,0,10000,1029,9.78,60,41,6.16,54,0,10000,1029,9.78,60,41,6.16,54,0,10000,1029,9.78,60,41,6.16,54,0,10000,1029,9.78,60,41,6.16,54,0,10000,1029,9.78,60,41,6.16,54,0,10000,1029,9.78,60,41,6.16,54,0,10000
1029,9.84,61,40,6.17,75,0,10000,17,0,31,1,1029,9.16,65,42,5.35,34,0,10000,1029,9.16,65,42,5.35,34,0,10000,1029,9.16,65,42,5.35,34,0,10000,1029,9.16,65,42,5.35,34,0,10000,1029,9.16,65,42,5.35,34,0,10000,1029,9.16,65,42,5.35,34,0,10000,1029,9.16,65,42,5.35,34,0,10000,1029,9.16,65,42,5.35,34,0,10000,1029,9.16,65,42,5.35,34,0,10000,1029,9.16,65,42,5.35,34,0,10000,1029,9.16,65,42,5.35,34,0,10000,1029,9.16,65,42,5.35,34,0,10000
1029,9.84,61,40,6.17,75,0,10000,20,0,31,1,1030,7.31,66,39,5.92,16,0,10000,1030,7.31,66,39,5.92,16,0,10000,1030,7.31,66,39,5.92,16,0,10000,1030,7.31,66,39,5.92,16,0,10000,1030,7.31,66,39,5.92,16,0,10000,1030,7.31,66,39,5.92,16,0,10000,1030,7.31,66,39,5.92,16,0,10000,1030,7.31,66,39,5.92,16,0,10000,1030,7.31,66,39,5.92,16,0,10000,1030,7.31,66,39,5.92,16,0,10000,1030,7.31,66,39,5.92,16,0,10000,1030,7.31,66,39,5.92,16,0,10000
1029,9.84,61,40,6.17,75,0,10000,23,0,31,1,1030,6.59,75,46,5.63,11,0,10000,1030,6.59,75,46,5.63,11,0,10000,1030,6.59,75,46,5.63,11,0,10000,1030,6.59,75,46,5.63,11,0,10000,1030,6.59,75,46,5.63,11,0,10000,1030,6.59,75,46,5.63,11,0,10000,1030,6.59,75,46,5.63,11,0,10000,1030,6.59,75,46,5.63,11,0,10000,1030,6.59,75,46,5.63,11,0,10000,1030,6.59,75,46,5.63,11,0,10000,1030,6.59,75,46,5.63,11,0,10000,1030,6.59,75,46,5.63,11,0,10000
1029,9.84,61,40,6.17,75,0,10000,2,0,1,2,1030,5.22,76,35,4.02,7,0,10000,1030,5.22,76,35,4.02,7,0,10000,1030,5.22,76,35,4.02,7,0,10000,1030,5.22,76,35,4.02,7,0,10000,1030,5.22,76,35,4.02,7,0,10000,1030,5.22,76,35,4.02,7,0,10000,1030,5.22,76,35,4.02,7,0,10000,1030,5.22,76,35,4.02,7,0,10000,1030,5.22,76,35,4.02,7,0,10000,1030,5.22,76,35,4.02,7,0,10000,1030,5.22,76,35,4.02,7,0,10000,1030,5.22,76,35,4.02,7,0,10000
1029,9.84,61,40,6.17,75,0,10000,5,0,1,2,1030,6.25,78,27,4.13,29,0,10000,1030,6.25,78,27,4.13,29,0,10000,1030,6.25,78,27,4.13,29,0,10000,1030,6.25,78,27,4.13,29,0,10000,1030,6.25,78,27,4.13,29,0,10000,1030,6.25,78,27,4.13,29,0,10000,1030,6.25,78,27,4.13,29,0,10000,1030,6.25,78,27,4.13,29,0,10000,1030,6.25,78,27,4.13,29,0,10000,1030,6.25,78,27,4.13,29,0,10000,1030,6.25,78,27,4.13,29,0,10000,1030,6.25,78,27,4.13,29,0,10000
1029,9.84,61,40,6.17,75,0,10000,8,0,1,2,1029,8.4,65,22,5.32,67,0,10000,1029,8.4,65,22,5.32,67,0,10000,1029,8.4,65,22,5.32,67,0,10000,1029,8.4,65,22,5.32,67,0,10000,1029,8.4,65,22,5.32,67,0,10000,1029,8.4,65,22,5.32,67,0,10000,1029,8.4,65,22,5.32,67,0,10000,1029,8.4,65,22,5.32,67,0,10000,1029,8.4,65,22,5.32,67,0,10000,1029,8.4,65,22,5.32,67,0,10000,1029,8.4,65,22,5.32,67,0,10000,1029,8.4,65,22,5.32,67,0,10000
1029,9.84,61,40,6.17,75,0,10000,11,0,1,2,1028,8.95,60,8,4.85,73,0,10000,1028,8.95,60,8,4.85,73,0,10000,1028,8.95,60,8,4.85,73,0,10000,1028,8.95,60,8,4.85,73,0,10000,1028,8.95,60,8,4.85,73,0,10000,1028,8.95,60,8,4.85,73,0,10000,1028,8.95,60,8,4.85,73,0,10000,1028,8.95,60,8,4.85,73,0,10000,1028,8.95,60,8,4.85,73,0,10000,1028,8.95,60,8,4.85,73,0,10000,1028,8.95,60,8,4.85,73,0,10000,1028,8.95,60,8,4.85,73,0,10000
1029,9.84,61,40,6.17,75,0,10000,14,0,1,2,1029,9.78,60,41,6.16,54,0,10000,1029,9.78,60,41,6.16,54,0,10000,1029,9.78,60,41,6.16,54,0,10000,1029,9.78,60,41,6.16,54,0,10000,1029,9.78,60,41,6.16,54,0,10000,1029,9.78,60,41,6.16,54,0,10000,1029,9.78,60,41,6.16,54,0,10000,1029,9.78,60,41,6.16,54,0,10000,1029,9.78,60,41,6.16,54,0,10000,1029,9.78,60,41,6.16,54,0,10000,1029,9.78,60,41,6.16,54,0,10000,1029,9.78,60,41,6.16,54,0,10000
1029,9.84,61,40,6.17,75,0,10000,17,0,1,2,1029,9.16,65,42,5.35,34,0,10000,1029,9.16,65,42,5.35,34,0,10000,1029,9.16,65,42,5.35,34,0,10000,1029,9.16,65,42,5.35,34,0,10000,1029,9.16,65,42,5.35,34,0,10000,1029,9.16,65,42,5.35,34,0,10000,1029,9.16,65,42,5.35,34,0,10000,1029,9.16,65,42,5.35,34,0,10000,1029,9.16,65,42,5.35,34,0,10000,1029,9.16,65,42,5.35,34,0,10000,1029,9.16,65,42,5.35,34,0,10000,1029,9.16,65,42,5.35,34,0,10000
1029,9.84,61,40,6.17,75,0,10000,20,0,1,2,1030,7.31,66,39,5.92,16,0,10000,1030,7.31,66,39,5.92,16,0,10000,1030,7.31,66,39,5.92,16,0,10000,1030,7.31,66,39,5.92,16,0,10000,1030,7.31,66,39,5.92,16,0,10000,1030,7.31,66,39,5.92,16,0,10000,1030,7.31,66,39,5.92,16,0,10000,1030,7.31,66,39,5.92,16,0,10000,1030,7.31,66,39,5.92,16,0,10000,1030,7.31,66,39,5.92,16,0,10000,1030,7.31,66,39,5.92,16,0,10000,1030,7.31,66,39,5.92,16,0,10000
1029,9.84,61,40,6.17,75,0,10000,23,0,1,2,1030,6.59,75,46,5.63,11,0,10000,1030,6.59,75,46,5.63,11,0,10000,1030,6.59,75,46,5.63,11,0,10000,1030,6.59,75,46,5.63,11,0,10000,1030,6.59,75,46,5.63,11,0,10000,1030,6.59,75,46,5.63,11,0,10000,1030,6.59,75,46,5.63,11,0,10000,1030,6.59,75,46,5.63,11,0,10000,1030,6.59,75,46,5.63,11,0,10000,1030,6.59,75,46,5.63,11,0,10000,1030,6.59,75,46,5.63,11,0,10000,1030,6.59,75,46,5.63,11,0,10000
1029,9.84,61,40,6.17,75,0,10000,2,0,2,2,1030,5.22,76,35,4.02,7,0,10000,1030,5.22,76,35,4.02,7,0,10000,1030,5.22,76,35,4.02,7,0,10000,1030,5.22,76,35,4.02,7,0,10000,1030,5.22,76,35,4.02,7,0,10000,1030,5.22,76,35,4.02,7,0,10000,1030,5.22,76,35,4.02,7,0,10000,1030,5.22,76,35,4.02,7,0,10000,1030,5.22,76,35,4.02,7,0,10000,1030,5.22,76,35,4.02,7,0,10000,1030,5.22,76,35,4.02,7,0,10000,1030,5.22,76,35,4.02,7,0,10000
1029,9.84,61,40,6.17,75,0,10000,5,0,2,2,1030,6.25,78,27,4.13,29,0,10000,1030,6.25,78,27,4.13,29,0,10000,1030,6.25,78,27,4.13,29,0,10000,1030,6.25,78,27,4.13,29,0,10000,1030,6.25,78,27,4.13,29,0,10000,1030,6.25,78,27,4.13,29,0,10000,1030,6.25,78,27,4.13,29,0,10000,1030,6.25,78,27,4.13,29,0,10000,1030,6.25,78,27,4.13,29,0,10000,1030,6.25,78,27,4.13,29,0,10000,1030,6.25,78,27,4.13,29,0,10000,1030,6.25,78,27,4.13,29,0,10000
1029,9.84,61,40,6.17,75,0,10000,8,0,2,2,1029,8.4,65,22,5.32,67,0,10000,1029,8.4,65,22,5.32,67,0,10000,1029,8.4,65,22,5.32,67,0,10000,1029,8.4,65,22,5.32,67,0,10000,1029,8.4,65,22,5.32,67,0,10000,1029,8.4,65,22,5.32,67,0,10000,1029,8.4,65,22,5.32,67,0,10000,1029,8.4,65,22,5.32,67,0,10000,1029,8.4,65,22,5.32,67,0,10000,1029,8.4,65,22,5.32,67,0,10000,1029,8.4,65,22,5.32,67,0,10000,1029,8.4,65,22,5.32,67,0,10000
1029,9.84,61,40,6.17,75,0,10000,11,0,2,2,1028,8.95,60,8,4.85,73,0,10000,1028,8.95,60,8,4.85,73,0,10000,1028,8.95,60,8,4.85,73,0,10000,1028,8.95,60,8,4.85,73,0,10000,1028,8.95,60,8,4.85,73,0,10000,1028,8.95,60,8,4.85,73,0,10000,1028,8.95,60,8,4.85,73,0,10000,1028,8.95,60,8,4.85,73,0,10000,1028,8.95,60,8,4.85,73,0,10000,1028,8.95,60,8,4.85,73,0,10000,1028,8.95,60,8,4.85,73,0,10000,1028,8.95,60,8,4.85,73,0,10000
1029,9.84,61,40,6.17,75,0,10000,14,0,2,2,1029,9.78,60,41,6.16,54,0,10000,1029,9.78,60,41,6.16,54,0,10000,1029,9.78,60,41,6.16,54,0,10000,1029,9.78,60,41,6.16,54,0,10000,1029,9.78,60,41,6.16,54,0,10000,1029,9.78,60,41,6.16,54,0,10000,1029,9.78,60,41,6.16,54,0,10000,1029,9.78,60,41,6.16,54,0,10000,1029,9.78,60,41,6.16,54,0,10000,1029,9.78,60,41,6.16,54,0,10000,1029,9.78,60,41,6.16,54,0,10000,1029,9.78,60,41,6.16,54,0,10000
1029,9.84,61,40,6.17,75,0,10000,17,0,2,2,1029,9.16,65,42,5.35,34,0,10000,1029,9.16,65,42,5.35,34,0,10000,1029,9.16,65,42,5.35,34,0,10000,1029,9.16,65,42,5.35,34,0,10000,1029,9.16,65,42,5.35,34,0,10000,1029,9.16,65,42,5.35,34,0,10000,1029,9.16,65,42,5.35,34,0,10000,1029,9.16,65,42,5.35,34,0,10000,1029,9.16,65,42,5.35,34,0,10000,1029,9.16,65,42,5.35,34,0,10000,1029,9.16,65,42,5.35,34,0,10000,1029,9.16,65,42,5.35,34,0,10000
1029,9.84,61,40,6.17,75,0,10000,20,0,2,2,1030,7.31,66,39,5.92,16,0,10000,1030,7.31,66,39,5.92,16,0,10000,1030,7.31,66,39,5.92,16,0,10000,1030,7.31,66,39,5.92,16,0,10000,1030,7.31,66,39,5.92,16,0,10000,1030,7.31,66,39,5.92,16,0,10000,1030,7.31,66,39,5.92,16,0,10000,1030,7.31,66,39,5.92,16,0,10000,1030,7.31,66,39,5.92,16,0,10000,1030,7.31,66,39,5.92,16,0,10000,1030,7.31,66,39,5.92,16,0,10000,1030,7.31,66,39,5.92,16,0,10000
1029,9.84,61,40,6.17,75,0,10000,23,0,2,2,1030,6.59,75,46,5.63,11,0,10000,1030,6.59,75,46,5.63,11,0,10000,1030,6.59,75,46,5.63,11,0,10000,1030,6.59,75,46,5.63,11,0,10000,1030,6.59,75,46,5.63,11,0,10000,1030,6.59,75,46,5.63,11,0,10000,1030,6.59,75,46,5.63,11,0,10000,1030,6.59,75,46,5.63,11,0,10000,1030,6.59,75,46,5.63,11,0,10000,1030,6.59,75,46,5.63,11,0,10000,1030,6.59,75,46,5.63,11,0,10000,1030,6.59,75,46,5.63,11,0,10000
1029,9.84,61,40,6.17,75,0,10000,2,0,3,2,1030,5.22,76,35,4.02,7,0,10000,1030,5.22,76,35,4.02,7,0,10000,1030,5.22,76,35,4.02,7,0,10000,1030,5.22,76,35,4.02,7,0,10000,1030,5.22,76,35,4.02,7,0,10000,1030,5.22,76,35,4.02,7,0,10000,1030,5.22,76,35,4.02,7,0,10000,1030,5.22,76,35,4.02,7,0,10000,1030,5.22,76,35,4.02,7,0,10000,1030,5.22,76,35,4.02,7,0,10000,1030,5.22,76,35,4.02,7,0,10000,1030,5.22,76,35,4.02,7,0,10000
1029,9.84,61,40,6.17,75,0,10000,5,0,3,2,1030,6.25,78,27,4.13,29,0,10000,1030,6.25,78,27,4.13,29,0,10000,1030,6.25,78,27,4.13,29,0,10000,1030,6.25,78,27,4.13,29,0,10000,1030,6.25,78,27,4.13,29,0,10000,1030,6.25,78,27,4.13,29,0,10000,1030,6.25,78,27,4.13,29,0,10000,1030,6.25,78,27,4.13,29,0,10000,1030,6.25,78,27,4.13,29,0,10000,1030,6.25,78,27,4.13,29,0,10000,1030,6.25,78,27,4.13,29,0,10000,1030,6.25,78,27,4.13,29,0,10000
1029,9.84,61,40,6.17,75,0,10000,8,0,3,2,1029,8.4,65,22,5.32,67,0,10000,1029,8.4,65,22,5.32,67,0,10000,1029,8.4,65,22,5.32,67,0,10000,1029,8.4,65,22,5.32,67,0,10000,1029,8.4,65,22,5.32,67,0,10000,1029,8.4,65,22,5.32,67,0,10000,1029,8.4,65,22,5.32,67,0,10000,1029,8.4,65,22,5.32,67,0,10000,1029,8.4,65,22,5.32,67,0,10000,1029,8.4,65,22,5.32,67,0,10000,1029,8.4,65,22,5.32,67,0,10000,1029,8.4,65,22,5.32,67,0,10000
1029,9.84,61,40,6.17,75,0,10000,11,0,3,2,1028,8.95,60,8,4.85,73,0,10000,1028,8.95,60,8,4.85,73,0,10000,1028,8.95,60,8,4.85,73,0,10000,1028,8.95,60,8,4.85,73,0,10000,1028,8.95,60,8,4.85,73,0,10000,1028,8.95,60,8,4.85,73,0,10000,1028,8.95,60,8,4.85,73,0,10000,1028,8.95,60,8,4.85,73,0,10000,1028,8.95,60,8,4.85,73,0,10000,1028,8.95,60,8,4.85,73,0,10000,1028,8.95,60,8,4.85,73,0,10000,1028,8.95,60,8,4.85,73,0,10000
1029,9.84,61,40,6.17,75,0,10000,14,0,3,2,1029,9.78,60,41,6.16,54,0,10000,1029,9.78,60,41,6.16,54,0,10000,1029,9.78,60,41,6.16,54,0,10000,1029,9.78,60,41,6.16,54,0,10000,1029,9.78,60,41,6.16,54,0,10000,1029,9.78,60,41,6.16,54,0,10000,1029,9.78,60,41,6.16,54,0,10000,1029,9.78,60,41,6.16,54,0,10000,1029,9.78,60,41,6.16,54,0,10000,1029,9.78,60,41,6.16,54,0,10000,1029,9.78,60,41,6.16,54,0,10000,1029,9.78,60,41,6.16,54,0,10000
1029,9.84,61,40,6.17,75,0,10000,17,0,3,2,1029,9.16,65,42,5.35,34,0,10000,1029,9.16,65,42,5.35,34,0,10000,1029,9.16,65,42,5.35,34,0,10000,1029,9.16,65,42,5.35,34,0,10000,1029,9.16,65,42,5.35,34,0,10000,1029,9.16,65,42,5.35,34,0,10000,1029,9.16,65,42,5.35,34,0,10000,1029,9.16,65,42,5.35,34,0,10000,1029,9.16,65,42,5.35,34,0,10000,1029,9.16,65,42,5.35,34,0,10000,1029,9.16,65,42,5.35,34,0,10000,1029,9.16,65,42,5.35,34,0,10000
1029,9.84,61,40,6.17,75,0,10000,20,0,3,2,1030,7.31,66,39,5.92,16,0,10000,1030,7.31,66,39,5.92,16,0,10000,1030,7.31,66,39,5.92,16,0,10000,1030,7.31,66,39,5.92,16,0,10000,1030,7.31,66,39,5.92,16,0,10000,1030,7.31,66,39,5.92,16,0,10000,1030,7.31,66,39,5.92,16,0,10000,1030,7.31,66,39,5.92,16,0,10000,1030,7.31,66,39,5.92,16,0,10000,1030,7.31,66,39,5.92,16,0,10000,1030,7.31,66,39,5.92,16,0,10000,1030,7.31,66,39,5.92,16,0,10000
1029,9.84,61,40,6.17,75,0,10000,23,0,3,2,1030,6.59,75,46,5.63,11,0,10000,1030,6.59,75,46,5.63,11,0,10000,1030,6.59,75,46,5.63,11,0,10000,1030,6.59,75,46,5.63,11,0,10000,1030,6.59,75,46,5.63,11,0,10000,1030,6.59,75,46,5.63,11,0,10000,1030,6.59,75,46,5.63,11,0,10000,1030,6.59,75,46,5.63,11,0,10000,1030,6.59,75,46,5.63,11,0,10000,1030,6.59,75,46,5.63,11,0,10000,1030,6.59,75,46,5.63,11,0,10000,1030,6.59,75,46,5.63,11,0,10000
1029,9.84,61,40,6.17,75,0,10000,2,0,4,2,1030,5.22,76,35,4.02,7,0,10000,1030,5.22,76,35,4.02,7,0,10000,1030,5.22,76,35,4.02,7,0,10000,1030,5.22,76,35,4.02,7,0,10000,1030,5.22,76,35,4.02,7,0,10000,1030,5.22,76,35,4.02,7,0,10000,1030,5.22,76,35,4.02,7,0,10000,1030,5.22,76,35,4.02,7,0,10000,1030,5.22,76,35,4.02,7,0,10000,1030,5.22,76,35,4.02,7,0,10000,1030,5.22,76,35,4.02,7,0,10000,1030,5.22,76,35,4.02,7,0,10000
1029,9.84,61,40,6.17,75,0,10000,5,0,4,2,1030,6.25,78,27,4.13,29,0,10000,1030,6.25,78,27,4.13,29,0,10000,1030,6.25,78,27,4.13,29,0,10000,1030,6.25,78,27,4.13,29,0,10000,1030,6.25,78,27,4.13,29,0,10000,1030,6.25,78,27,4.13,29,0,10000,1030,6.25,78,27,4.13,29,0,10000,1030,6.25,78,27,4.13,29,0,10000,1030,6.25,78,27,4.13,29,0,10000,1030,6.25,78,27,4.13,29,0,10000,1030,6.25,78,27,4.13,29,0,10000,1030,6.25,78,27,4.13,29,0,10000
1029,9.84,61,40,6.17,75,0,10000,8,0,4,2,1029,8.4,65,22,5.32,67,0,10000,1029,8.4,65,22,5.32,67,0,10000,1029,8.4,65,22,5.32,67,0,10000,1029,8.4,65,22,5.32,67,0,10000,1029,8.4,65,22,5.32,67,0,10000,1029,8.4,65,22,5.32,67,0,10000,1029,8.4,65,22,5.32,67,0,10000,1029,8.4,65,22,5.32,67,0,10000,1029,8.4,65,22,5.32,67,0,10000,1029,8.4,65,22,5.32,67,0,10000,1029,8.4,65,22,5.32,67,0,10000,1029,8.4,65,22,5.32,67,0,10000
1029,9.84,61,40,6.17,75,0,10000,11,0,4,2,1028,8.95,60,8,4.85,73,0,10000,1028,8.95,60,8,4.85,73,0,10000,1028,8.95,60,8,4.85,73,0,10000,1028,8.95,60,8,4.85,73,0,10000,1028,8.95,60,8,4.85,73,0,10000,1028,8.95,60,8,4.85,73,0,10000,1028,8.95,60,8,4.85,73,0,10000,1028,8.95,60,8,4.85,73,0,10000,1028,8.95,60,8,4.85,73,0,10000,1028,8.95,60,8,4.85,73,0,10000,1028,8.95,60,8,4.85,73,0,10000,1028,8.95,60,8,4.85,73,0,10000
1029,9.84,61,40,6.17,75,0,10000,14,0,4,2,1029,9.78,60,41,6.16,54,0,10000,1029,9.78,60,41,6.16,54,0,10000,1029,9.78,60,41,6.16,54,0,10000,1029,9.78,60,41,6.16,54,0,10000,1029,9.78,60,41,6.16,54,0,10000,1029,9.78,60,41,6.16,54,0,10000,1029,9.78,60,41,6.16,54,0,10000,1029,9.78,60,41,6.16,54,0,10000,1029,9.78,60,41,6.16,54,0,10000,1029,9.78,60,41,6.16,54,0,10000,1029,9.78,60,41,6.16,54,0,10000,1029,9.78,60,41,6.16,54,0,10000
1029,9.84,61,40,6.17,75,0,10000,17,0,4,2,1029,9.16,65,42,5.35,34,0,10000,1029,9.16,65,42,5.35,34,0,10000,1029,9.16,65,42,5.35,34,0,10000,1029,9.16,65,42,5.35,34,0,10000,1029,9.16,65,42,5.35,34,0,10000,1029,9.16,65,42,5.35,34,0,10000,1029,9.16,65,42,5.35,34,0,10000,1029,9.16,65,42,5.35,34,0,10000,1029,9.16,65,42,5.35,34,0,10000,1029,9.16,65,42,5.35,34,0,10000,1029,9.16,65,42,5.35,34,0,10000,1029,9.16,65,42,5.35,34,0,10000
1029,9.84,61,40,6.17,75,0,10000,20,0,4,2,1030,7.31,66,39,5.92,16,0,10000,1030,7.31,66,39,5.92,16,0,10000,1030,7.31,66,39,5.92,16,0,10000,1030,7.31,66,39,5.92,16,0,10000,1030,7.31,66,39,5.92,16,0,10000,1030,7.31,66,39,5.92,16,0,10000,1030,7.31,66,39,5.92,16,0,10000,1030,7.31,66,39,5.92,16,0,10000,1030,7.31,66,39,5.92,16,0,10000,1030,7.31,66,39,5.92,16,0,10000,1030,7.31,66,39,5.92,16,0,10000,1030,7.31,66,39,5.92,16,0,10000
1029,9.84,61,40,6.17,75,0,10000,23,0,4,2,1030,6.59,75,46,5.63,11,0,10000,1030,6.59,75,46,5.63,11,0,10000,1030,6.59,75,46,5.63,11,0,10000,1030,6.59,75,46,5.63,11,0,10000,1030,6.59,75,46,5.63,11,0,10000,1030,6.59,75,46,5.63,11,0,10000,1030,6.59,75,46,5.63,11,0,10000,1030,6.59,75,46,5.63,11,0,10000,1030,6.59,75,46,5.63,11,0,10000,1030,6.59,75,46,5.63,11,0,10000,1030,6.59,75,46,5.63,11,0,10000,1030,6.59,75,46,5.63,11,0,10000
1029,9.84,61,40,6.17,75,0,10000,2,0,5,2,1030,5.22,76,35,4.02,7,0,10000,1030,5.22,76,35,4.02,7,0,10000,1030,5.22,76,35,4.02,7,0,10000,1030,5.22,76,35,4.02,7,0,10000,1030,5.22,76,35,4.02,7,0,10000,1030,5.22,76,35,4.02,7,0,10000,1030,5.22,76,35,4.02,7,0,10000,1030,5.22,76,35,4.02,7,0,10000,1030,5.22,76,35,4.02,7,0,10000,1030,5.22,76,35,4.02,7,0,10000,1030,5.22,76,35,4.02,7,0,10000,1030,5.22,76,35,4.02,7,0,10000
1029,9.84,61,40,6.17,75,0,10000,5,0,5,2,1030,6.25,78,27,4.13,29,0,10000,1030,6.25,78,27,4.13,29,0,10000,1030,6.25,78,27,4.13,29,0,10000,1030,6.25,78,27,4.13,29,0,10000,1030,6.25,78,27,4.13,29,0,10000,1030,6.25,78,27,4.13,29,0,10000,1030,6.25,78,27,4.13,29,0,10000,1030,6.25,78,27,4.13,29,0,10000,1030,6.25,78,27,4.13,29,0,10000,1030,6.25,78,27,4.13,29,0,10000,1030,6.25,78,27,4.13,29,0,10000,1030,6.25,78,27,4.13,29,0,10000
1029,9.84,61,40,6.17,75,0,10000,8,0,5,2,1029,8.4,65,22,5.32,67,0,10000,1029,8.4,65,22,5.32,67,0,10000,1029,8.4,65,22,5.32,67,0,10000,1029,8.4,65,22,5.32,67,0,10000,1029,8.4,65,22,5.32,67,0,10000,1029,8.4,65,22,5.32,67,0,10000,1029,8.4,65,22,5.32,67,0,10000,1029,8.4,65,22,5.32,67,0,10000,1029,8.4,65,22,5.32,67,0,10000,1029,8.4,65,22,5.32,67,0,10000,1029,8.4,65,22,5.32,67,0,10000,1029,8.4,65,22,5.32,67,0,10000
1029,9.84,61,40,6.17,75,0,10000,11,0,5,2,1028,8.95,60,8,4.85,73,0,10000,1028,8.95,60,8,4.85,73,0,10000,1028,8.95,60,8,4.85,73,0,10000,1028,8.95,60,8,4.85,73,0,10000,1028,8.95,60,8,4.85,73,0,10000,1028,8.95,60,8,4.85,73,0,10000,1028,8.95,60,8,4.85,73,0,10000,1028,8.95,60,8,4.85,73,0,10000,1028,8.95,60,8,4.85,73,0,10000,1028,8.95,60,8,4.85,73,0,10000,1028,8.95,60,8,4.85,73,0,10000,1028,8.95,60,8,4.85,73,0,10000
1029,9.84,61,40,6.17,75,0,10000,14,0,5,2,1029,9.78,60,41,6.16,54,0,10000,1029,9.78,60,41,6.16,54,0,10000,1029,9.78,60,41,6.16,54,0,10000,1029,9.78,60,41,6.16,54,0,10000,1029,9.78,60,41,6.16,54,0,10000,1029,9.78,60,41,6.16,54,0,10000,1029,9.78,60,41,6.16,54,0,10000,1029,9.78,60,41,6.16,54,0,10000,1029,9.78,60,41,6.16,54,0,10000,1029,9.78,60,41,6.16,54,0,10000,1029,9.78,60,41,6.16,54,0,10000,1029,9.78,60,41,6.16,54,0,10000
1029,9.84,61,40,6.17,75,0,10000,17,0,5,2,1029,9.16,65,42,5.35,34,0,10000,1029,9.16,65,42,5.35,34,0,10000,1029,9.16,65,42,5.35,34,0,10000,1029,9.16,65,42,5.35,34,0,10000,1029,9.16,65,42,5.35,34,0,10000,1029,9.16,65,42,5.35,34,0,10000,1029,9.16,65,42,5.35,34,0,10000,1029,9.16,65,42,5.35,34,0,10000,1029,9.16,65,42,5.35,34,0,10000,1029,9.16,65,42,5.35,34,0,10000,1029,9.16,65,42,5.35,34,0,10000,1029,9.16,65,42,5.35,34,0,10000
1029,9.84,61,40,6.17,75,0,10000,20,0,5,2,1030,7.31,66,39,5.92,16,0,10000,1030,7.31,66,39,5.92,16,0,10000,1030,7.31,66,39,5.92,16,0,10000,1030,7.31,66,39,5.92,16,0,10000,1030,7.31,66,39,5.92,16,0,10000,1030,7.31,66,39,5.92,16,0,10000,1030,7.31,66,39,5.92,16,0,10000,1030,7.31,66,39,5.92,16,0,10000,1030,7.31,66,39,5.92,16,0,10000,1030,7.31,66,39,5.92,16,0,10000,1030,7.31,66,39,5.92,16,0,10000,1030,7.31,66,39,5.92,16,0,10000
1029,9.84,61,40,6.17,75,0,10000,23,0,5,2,1030,6.59,75,46,5.63,11,0,10000,1030,6.59,75,46,5.63,11,0,10000,1030,6.59,75,46,5.63,11,0,10000,1030,6.59,75,46,5.63,11,0,10000,1030,6.59,75,46,5.63,11,0,10000,1030,6.59,75,46,5.63,11,0,10000,1030,6.59,75,46,5.63,11,0,10000,1030,6.59,75,46,5.63,11,0,10000,1030,6.59,75,46,5.63,11,0,10000,1030,6.59,75,46,5.63,11,0,10000,1030,6.59,75,46,5.63,11,0,10000,1030,6.59,75,46,5.63,11,0,10000
1029,9.84,61,40,6.17,75,0,10000,2,0,6,2,1030,5.22,76,35,4.02,7,0,10000,1030,5.22,76,35,4.02,7,0,10000,1030,5.22,76,35,4.02,7,0,10000,1030,5.22,76,35,4.02,7,0,10000,1030,5.22,76,35,4.02,7,0,10000,1030,5.22,76,35,4.02,7,0,10000,1030,5.22,76,35,4.02,7,0,10000,1030,5.22,76,35,4.02,7,0,10000,1030,5.22,76,35,4.02,7,0,10000,1030,5.22,76,35,4.02,7,0,10000,1030,5.22,76,35,4.02,7,0,10000,1030,5.22,76,35,4.02,7,0,10000
1029,9.84,61,40,6.17,75,0,10000,5,0,6,2,1030,6.25,78,27,4.13,29,0,10000,1030,6.25,78,27,4.13,29,0,10000,1030,6.25,78,27,4.13,29,0,10000,1030,6.25,78,27,4.13,29,0,10000,1030,6.25,78,27,4.13,29,0,10000,1030,6.25,78,27,4.13,29,0,10000,1030,6.25,78,27,4.13,29,0,10000,1030,6.25,78,27,4.13,29,0,10000,1030,6.25,78,27,4.13,29,0,10000,1030,6.25,78,27,4.13,29,0,10000,1030,6.25,78,27,4.13,29,0,10000,1030,6.25,78,27,4.13,29,0,10000
1029,9.84,61,40,6.17,75,0,10000,8,0,6,2,1029,8.4,65,22,5.32,67,0,10000,1029,8.4,65,22,5.32,67,0,10000,1029,8.4,65,22,5.32,67,0,10000,1029,8.4,65,22,5.32,67,0,10000,1029,8.4,65,22,5.32,67,0,10000,1029,8.4,65,22,5.32,67,0,10000,1029,8.4,65,22,5.32,67,0,10000,1029,8.4,65,22,5.32,67,0,10000,1029,8.4,65,22,5.32,67,0,10000,1029,8.4,65,22,5.32,67,0,10000,1029,8.4,65,22,5.32,67,0,10000,1029,8.4,65,22,5.32,67,0,10000
1029,9.84,61,40,6.17,75,0,10000,11,0,6,2,1028,8.95,60,8,4.85,73,0,10000,1028,8.95,60,8,4.85,73,0,10000,1028,8.95,60,8,4.85,73,0,10000,1028,8.95,60,8,4.85,73,0,10000,1028,8.95,60,8,4.85,73,0,10000,1028,8.95,60,8,4.85,73,0,10000,1028,8.95,60,8,4.85,73,0,10000,1028,8.95,60,8,4.85,73,0,10000,1028,8.95,60,8,4.85,73,0,10000,1028,8.95,60,8,4.85,73,0,10000,1028,8.95,60,8,4.85,73,0,10000,1028,8.95,60,8,4.85,73,0,10000
1029,9.84,61,40,6.17,75,0,10000,14,0,6,2,1029,9.78,60,41,6.16,54,0,10000,1029,9.78,60,41,6.16,54,0,10000,1029,9.78,60,41,6.16,54,0,10000,1029,9.78,60,41,6.16,54,0,10000,1029,9.78,60,41,6.16,54,0,10000,1029,9.78,60,41,6.16,54,0,10000,1029,9.78,60,41,6.16,54,0,10000,1029,9.78,60,41,6.16,54,0,10000,1029,9.78,60,41,6.16,54,0,10000,1029,9.78,60,41,6.16,54,0,10000,1029,9.78,60,41,6.16,54,0,10000,1029,9.78,60,41,6.16,54,0,10000
1029,9.84,61,40,6.17,75,0,10000,17,0,6,2,1029,9.16,65,42,5.35,34,0,10000,1029,9.16,65,42,5.35,34,0,10000,1029,9.16,65,42,5.35,34,0,10000,1029,9.16,65,42,5.35,34,0,10000,1029,9.16,65,42,5.35,34,0,10000,1029,9.16,65,42,5.35,34,0,10000,1029,9.16,65,42,5.35,34,0,10000,1029,9.16,65,42,5.35,34,0,10000,1029,9.16,65,42,5.35,34,0,10000,1029,9.16,65,42,5.35,34,0,10000,1029,9.16,65,42,5.35,34,0,10000,1029,9.16,65,42,5.35,34,0,10000
1029,9.84,61,40,6.17,75,0,10000,20,0,6,2,1030,7.31,66,39,5.92,16,0,10000,1030,7.31,66,39,5.92,16,0,10000,1030,7.31,66,39,5.92,16,0,10000,1030,7.31,66,39,5.92,16,0,10000,1030,7.31,66,39,5.92,16,0,10000,1030,7.31,66,39,5.92,16,0,10000,1030,7.31,66,39,5.92,16,0,10000,1030,7.31,66,39,5.92,16,0,10000,1030,7.31,66,39,5.92,16,0,10000,1030,7.31,66,39,5.92,16,0,10000,1030,7.31,66,39,5.92,16,0,10000,1030,7.31,66,39,5.92,16,0,10000
1029,9.84,61,40,6.17,75,0,10000,23,0,6,2,1030,6.59,75,46,5.63,11,0,10000,1030,6.59,75,46,5.63,11,0,10000,1030,6.59,75,46,5.63,11,0,10000,1030,6.59,75,46,5.63,11,0,10000,1030,6.59,75,46,5.63,11,0,10000,1030,6.59,75,46,5.63,11,0,10000,1030,6.59,75,46,5.63,11,0,10000,1030,6.59,75,46,5.63,11,0,10000,1030,6.59,75,46,5.63,11,0,10000,1030,6.59,75,46,5.63,11,0,10000,1030,6.59,75,46,5.63,11,0,10000,1030,6.59,75,46,5.63,11,0,10000
1029,9.84,61,40,6.17,75,0,10000,2,0,7,2,1030,5.22,76,35,4.02,7,0,10000,1030,5.22,76,35,4.02,7,0,10000,1030,5.22,76,35,4.02,7,0,10000,1030,5.22,76,35,4.02,7,0,10000,1030,5.22,76,35,4.02,7,0,10000,1030,5.22,76,35,4.02,7,0,10000,1030,5.22,76,35,4.02,7,0,10000,1030,5.22,76,35,4.02,7,0,10000,1030,5.22,76,35,4.02,7,0,10000,1030,5.22,76,35,4.02,7,0,10000,1030,5.22,76,35,4.02,7,0,10000,1030,5.22,76,35,4.02,7,0,10000
1029,9.84,61,40,6.17,75,0,10000,5,0,7,2,1030,6.25,78,27,4.13,29,0,10000,1030,6.25,78,27,4.13,29,0,10000,1030,6.25,78,27,4.13,29,0,10000,1030,6.25,78,27,4.13,29,0,10000,1030,6.25,78,27,4.13,29,0,10000,1030,6.25,78,27,4.13,29,0,10000,1030,6.25,78,27,4.13,29,0,10000,1030,6.25,78,27,4.13,29,0,10000,1030,6.25,78,27,4.13,29,0,10000,1030,6.25,78,27,4.13,29,0,10000,1030,6.25,78,27,4.13,29,0,10000,1030,6.25,78,27,4.13,29,0,10000
1029,9.84,61,40,6.17,75,0,10000,8,0,7,2,1029,8.4,65,22,5.32,67,0,10000,1029,8.4,65,22,5.32,67,0,10000,1029,8.4,65,22,5.32,67,0,10000,1029,8.4,65,22,5.32,67,0,10000,1029,8.4,65,22,5.32,67,0,10000,1029,8.4,65,22,5.32,67,0,10000,1029,8.4,65,22,5.32,67,0,10000,1029,8.4,65,22,5.32,67,0,10000,1029,8.4,65,22,5.32,67,0,10000,1029,8.4,65,22,5.32,67,0,10000,1029,8.4,65,22,5.32,67,0,10000,1029,8.4,65,22,5.32,67,0,10000
1029,9.84,61,40,6.17,75,0,10000,11,0,7,2,1028,8.95,60,8,4.85,73,0,10000,1028,8.95,60,8,4.85,73,0,10000,1028,8.95,60,8,4.85,73,0,10000,1028,8.95,60,8,4.85,73,0,10000,1028,8.95,60,8,4.85,73,0,10000,1028,8.95,60,8,4.85,73,0,10000,1028,8.95,60,8,4.85,73,0,10000,1028,8.95,60,8,4.85,73,0,10000,1028,8.95,60,8,4.85,73,0,10000,1028,8.95,60,8,4.85,73,0,10000,1028,8.95,60,8,4.85,73,0,10000,1028,8.95,60,8,4.85,73,0,10000
1029,9.84,61,40,6.17,75,0,10000,14,0,7,2,1029,9.78,60,41,6.16,54,0,10000,1029,9.78,60,41,6.16,54,0,10000,1029,9.78,60,41,6.16,54,0,10000,1029,9.78,60,41,6.16,54,0,10000,1029,9.78,60,41,6.16,54,0,10000,1029,9.78,60,41,6.16,54,0,10000,1029,9.78,60,41,6.16,54,0,10000,1029,9.78,60,41,6.16,54,0,10000,1029,9.78,60,41,6.16,54,0,10000,1029,9.78,60,41,6.16,54,0,10000,1029,9.78,60,41,6.16,54,0,10000,1029,9.78,60,41,6.16,54,0,10000
1029,9.84,61,40,6.17,75,0,10000,17,0,7,2,1029,9.16,65,42,5.35,34,0,10000,1029,9.16,65,42,5.35,34,0,10000,1029,9.16,65,42,5.35,34,0,10000,1029,9.16,65,42,5.35,34,0,10000,1029,9.16,65,42,5.35,34,0,10000,1029,9.16,65,42,5.35,34,0,10000,1029,9.16,65,42,5.35,34,0,10000,1029,9.16,65,42,5.35,34,0,10000,1029,9.16,65,42,5.35,34,0,10000,1029,9.16,65,42,5.35,34,0,10000,1029,9.16,65,42,5.35,34,0,10000,1029,9.16,65,42,5.35,34,0,10000
1029,9.84,61,40,6.17,75,0,10000,20,0,7,2,1030,7.31,66,39,5.92,16,0,10000,1030,7.31,66,39,5.92,16,0,10000,1030,7.31,66,39,5.92,16,0,10000,1030,7.31,66,39,5.92,16,0,10000,1030,7.31,66,39,5.92,16,0,10000,1030,7.31,66,39,5.92,16,0,10000,1030,7.31,66,39,5.92,16,0,10000,1030,7.31,66,39,5.92,16,0,10000,1030,7.31,66,39,5.92,16,0,10000,1030,7.31,66,39,5.92,16,0,10000,1030,7.31,66,39,5.92,16,0,10000,1030,7.31,66,39,5.92,16,0,10000
1029,9.84,61,40,6.17,75,0,10000,23,0,7,2,1030,6.59,75,46,5.63,11,0,10000,1030,6.59,75,46,5.63,11,0,10000,1030,6.59,75,46,5.63,11,0,10000,1030,6.59,75,46,5.63,11,0,10000,1030,6.59,75,46,5.63,11,0,10000,1030,6.59,75,46,5.63,11,0,10000,1030,6.59,75,46,5.63,11,0,10000,1030,6.59,75,46,5.63,11,0,10000,1030,6.59,75,46,5.63,11,0,10000,1030,6.59,75,46,5.63,11,0,10000,1030,6.59,75,46,5.63,11,0,10000,1030,6.59,75,46,5.63,11,0,10000
1029,9.84,61,40,6.17,75,0,10000,2,0,8,2,1030,5.22,76,35,4.02,7,0,10000,1030,5.22,76,35,4.02,7,0,10000,1030,5.22,76,35,4.02,7,0,10000,1030,5.22,76,35,4.02,7,0,10000,1030,5.22,76,35,4.02,7,0,10000,1030,5.22,76,35,4.02,7,0,10000,1030,5.22,76,35,4.02,7,0,10000,1030,5.22,76,35,4.02,7,0,10000,1030,5.22,76,35,4.02,7,0,10000,1030,5.22,76,35,4.02,7,0,10000,1030,5.22,76,35,4.02,7,0,10000,1030,5.22,76,35,4.02,7,0,10000
1029,9.84,61,40,6.17,75,0,10000,5,0,8,2,1030,6.25,78,27,4.13,29,0,10000,1030,6.25,78,27,4.13,29,0,10000,1030,6.25,78,27,4.13,29,0,10000,1030,6.25,78,27,4.13,29,0,10000,1030,6.25,78,27,4.13,29,0,10000,1030,6.25,78,27,4.13,29,0,10000,1030,6.25,78,27,4.13,29,0,10000,1030,6.25,78,27,4.13,29,0,10000,1030,6.25,78,27,4.13,29,0,10000,1030,6.25,78,27,4.13,29,0,10000,1030,6.25,78,27,4.13,29,0,10000,1030,6.25,78,27,4.13,29,0,10000
1029,9.84,61,40,6.17,75,0,10000,8,0,8,2,1029,8.4,65,22,5.32,67,0,10000,1029,8.4,65,22,5.32,67,0,10000,1029,8.4,65,22,5.32,67,0,10000,1029,8.4,65,22,5.32,67,0,10000,1029,8.4,65,22,5.32,67,0,10000,1029,8.4,65,22,5.32,67,0,10000,1029,8.4,65,22,5.32,67,0,10000,1029,8.4,65,22,5.32,67,0,10000,1029,8.4,65,22,5.32,67,0,10000,1029,8.4,65,22,5.32,67,0,10000,1029,8.4,65,22,5.32,67,0,10000,1029,8.4,65,22,5.32,67,0,10000
1029,9.84,61,40,6.17,75,0,10000,11,0,8,2,1028,8.95,60,8,4.85,73,0,10000,1028,8.95,60,8,4.85,73,0,10000,1028,8.95,60,8,4.85,73,0,10000,1028,8.95,60,8,4.85,73,0,10000,1028,8.95,60,8,4.85,73,0,10000,1028,8.95,60,8,4.85,73,0,10000,1028,8.95,60,8,4.85,73,0,10000,1028,8.95,60,8,4.85,73,0,10000,1028,8.95,60,8,4.85,73,0,10000,1028,8.95,60,8,4.85,73,0,10000,1028,8.95,60,8,4.85,73,0,10000,1028,8.95,60,8,4.85,73,0,10000
1029,9.84,61,40,6.17,75,0,10000,14,0,8,2,1029,9.78,60,41,6.16,54,0,10000,1029,9.78,60,41,6.16,54,0,10000,1029,9.78,60,41,6.16,54,0,10000,1029,9.78,60,41,6.16,54,0,10000,1029,9.78,60,41,6.16,54,0,10000,1029,9.78,60,41,6.16,54,0,10000,1029,9.78,60,41,6.16,54,0,10000,1029,9.78,60,41,6.16,54,0,10000,1029,9.78,60,41,6.16,54,0,10000,1029,9.78,60,41,6.16,54,0,10000,1029,9.78,60,41,6.16,54,0,10000,1029,9.78,60,41,6.16,54,0,10000
1029,9.84,61,40,6.17,75,0,10000,17,0,8,2,1029,9.16,65,42,5.35,34,0,10000,1029,9.16,65,42,5.35,34,0,10000,1029,9.16,65,42,5.35,34,0,10000,1029,9.16,65,42,5.35,34,0,10000,1029,9.16,65,42,5.35,34,0,10000,1029,9.16,65,42,5.35,34,0,10000,1029,9.16,65,42,5.35,34,0,10000,1029,9.16,65,42,5.35,34,0,10000,1029,9.16,65,42,5.35,34,0,10000,1029,9.16,65,42,5.35,34,0,10000,1029,9.16,65,42,5.35,34,0,10000,1029,9.16,65,42,5.35,34,0,10000
1029,9.84,61,40,6.17,75,0,10000,20,0,8,2,1030,7.31,66,39,5.92,16,0,10000,1030,7.31,66,39,5.92,16,0,10000,1030,7.31,66,39,5.92,16,0,10000,1030,7.31,66,39,5.92,16,0,10000,1030,7.31,66,39,5.92,16,0,10000,1030,7.31,66,39,5.92,16,0,10000,1030,7.31,66,39,5.92,16,0,10000,1030,7.31,66,39,5.92,16,0,10000,1030,7.31,66,39,5.92,16,0,10000,1030,7.31,66,39,5.92,16,0,10000,1030,7.31,66,39,5.92,16,0,10000,1030,7.31,66,39,5.92,16,0,10000
1029,9.84,61,40,6.17,75,0,10000,23,0,8,2,1030,6.59,75,46,5.63,11,0,10000,1030,6.59,75,46,5.63,11,0,10000,1030,6.59,75,46,5.63,11,0,10000,1030,6.59,75,46,5.63,11,0,10000,1030,6.59,75,46,5.63,11,0,10000,1030,6.59,75,46,5.63,11,0,10000,1030,6.59,75,46,5.63,11,0,10000,1030,6.59,75,46,5.63,11,0,10000,1030,6.59,75,46,5.63,11,0,10000,1030,6.59,75,46,5.63,11,0,10000,1030,6.59,75,46,5.63,11,0,10000,1030,6.59,75,46,5.63,11,0,10000
1029,9.84,61,40,6.17,75,0,10000,2,0,9,2,1030,5.22,76,35,4.02,7,0,10000,1030,5.22,76,35,4.02,7,0,10000,1030,5.22,76,35,4.02,7,0,10000,1030,5.22,76,35,4.02,7,0,10000,1030,5.22,76,35,4.02,7,0,10000,1030,5.22,76,35,4.02,7,0,10000,1030,5.22,76,35,4.02,7,0,10000,1030,5.22,76,35,4.02,7,0,10000,1030,5.22,76,35,4.02,7,0,10000,1030,5.22,76,35,4.02,7,0,10000,1030,5.22,76,35,4.02,7,0,10000,1030,5.22,76,35,4.02,7,0,10000
1029,9.84,61,40,6.17,75,0,10000,5,0,9,2,1030,6.25,78,27,4.13,29,0,10000,1030,6.25,78,27,4.13,29,0,10000,1030,6.25,78,27,4.13,29,0,10000,1030,6.25,78,27,4.13,29,0,10000,1030,6.25,78,27,4.13,29,0,10000,1030,6.25,78,27,4.13,29,0,10000,1030,6.25,78,27,4.13,29,0,10000,1030,6.25,78,27,4.13,29,0,10000,1030,6.25,78,27,4.13,29,0,10000,1030,6.25,78,27,4.13,29,0,10000,1030,6.25,78,27,4.13,29,0,10000,1030,6.25,78,27,4.13,29,0,10000
1029,9.84,61,40,6.17,75,0,10000,8,0,9,2,1029,8.4,65,22,5.32,67,0,10000,1029,8.4,65,22,5.32,67,0,10000,1029,8.4,65,22,5.32,67,0,10000,1029,8.4,65,22,5.32,67,0,10000,1029,8.4,65,22,5.32,67,0,10000,1029,8.4,65,22,5.32,67,0,10000,1029,8.4,65,22,5.32,67,0,10000,1029,8.4,65,22,5.32,67,0,10000,1029,8.4,65,22,5.32,67,0,10000,1029,8.4,65,22,5.32,67,0,10000,1029,8.4,65,22,5.32,67,0,10000,1029,8.4,65,22,5.32,67,0,10000
1029,9.84,61,40,6.17,75,0,10000,11,0,9,2,1028,8.95,60,8,4.85,73,0,10000,1028,8.95,60,8,4.85,73,0,10000,1028,8.95,60,8,4.85,73,0,10000,1028,8.95,60,8,4.85,73,0,10000,1028,8.95,60,8,4.85,73,0,10000,1028,8.95,60,8,4.85,73,0,10000,1028,8.95,60,8,4.85,73,0,10000,1028,8.95,60,8,4.85,73,0,10000,1028,8.95,60,8,4.85,73,0,10000,1028,8.95,60,8,4.85,73,0,10000,1028,8.95,60,8,4.85,73,0,10000,1028,8.95,60,8,4.85,73,0,10000
1029,9.84,61,40,6.17,75,0,10000,14,0,9,2,1029,9.78,60,41,6.16,54,0,10000,1029,9.78,60,41,6.16,54,0,10000,1029,9.78,60,41,6.16,54,0,10000,1029,9.78,60,41,6.16,54,0,10000,1029,9.78,60,41,6.16,54,0,10000,1029,9.78,60,41,6.16,54,0,10000,1029,9.78,60,41,6.16,54,0,10000,1029,9.78,60,41,6.16,54,0,10000,1029,9.78,60,41,6.16,54,0,10000,1029,9.78,60,41,6.16,54,0,10000,1029,9.78,60,41,6.16,54,0,10000,1029,9.78,60,41,6.16,54,0,10000
1029,9.84,61,40,6.17,75,0,10000,17,0,9,2,1029,9.16,65,42,5.35,34,0,10000,1029,9.16,65,42,5.35,34,0,10000,1029,9.16,65,42,5.35,34,0,10000,1029,9.16,65,42,5.35,34,0,10000,1029,9.16,65,42,5.35,34,0,10000,1029,9.16,65,42,5.35,34,0,10000,1029,9.16,65,42,5.35,34,0,10000,1029,9.16,65,42,5.35,34,0,10000,1029,9.16,65,42,5.35,34,0,10000,1029,9.16,65,42,5.35,34,0,10000,1029,9.16,65,42,5.35,34,0,10000,1029,9.16,65,42,5.35,34,0,10000
1029,9.84,61,40,6.17,75,0,10000,20,0,9,2,1030,7.31,66,39,5.92,16,0,10000,1030,7.31,66,39,5.92,16,0,10000,1030,7.31,66,39,5.92,16,0,10000,1030,7.31,66,39,5.92,16,0,10000,1030,7.31,66,39,5.92,16,0,10000,1030,7.31,66,39,5.92,16,0,10000,1030,7.31,66,39,5.92,16,0,10000,1030,7.31,66,39,5.92,16,0,10000,1030,7.31,66,39,5.92,16,0,10000,1030,7.31,66,39,5.92,16,0,10000,1030,7.31,66,39,5.92,16,0,10000,1030,7.31,66,39,5.92,16,0,10000
1029,9.84,61,40,6.17,75,0,10000,23,0,9,2,1030,6.59,75,46,5.63,11,0,10000,1030,6.59,75,46,5.63,11,0,10000,1030,6.59,75,46,5.63,11,0,10000,1030,6.59,75,46,5.63,11,0,10000,1030,6.59,75,46,5.63,11,0,10000,1030,6.59,75,46,5.63,11,0,10000,1030,6.59,75,46,5.63,11,0,10000,1030,6.59,75,46,5.63,11,0,10000,1030,6.59,75,46,5.63,11,0,10000,1030,6.59,75,46,5.63,11,0,10000,1030,6.59,75,46,5.63,11,0,10000,1030,6.59,75,46,5.63,11,0,10000
1029,9.84,61,40,6.17,75,0,10000,2,0,10,2,1030,5.22,76,35,4.02,7,0,10000,1030,5.22,76,35,4.02,7,0,10000,1030,5.22,76,35,4.02,7,0,10000,1030,5.22,76,35,4.02,7,0,10000,1030,5.22,76,35,4.02,7,0,10000,1030,5.22,76,35,4.02,7,0,10000,1030,5.22,76,35,4.02,7,0,10000,1030,5.22,76,35,4.02,7,0,10000,1030,5.22,76,35,4.02,7,0,10000,1030,5.22,76,35,4.02,7,0,10000,1030,5.22,76,35,4.02,7,0,10000,1030,5.22,76,35,4.02,7,0,10000
1029,9.84,61,40,6.17,75,0,10000,5,0,10,2,1030,6.25,78,27,4.13,29,0,10000,1030,6.25,78,27,4.13,29,0,10000,1030,6.25,78,27,4.13,29,0,10000,1030,6.25,78,27,4.13,29,0,10000,1030,6.25,78,27,4.13,29,0,10000,1030,6.25,78,27,4.13,29,0,10000,1030,6.25,78,27,4.13,29,0,10000,1030,6.25,78,27,4.13,29,0,10000,1030,6.25,78,27,4.13,29,0,10000,1030,6.25,78,27,4.13,29,0,10000,1030,6.25,78,27,4.13,29,0,10000,1030,6.25,78,27,4.13,29,0,10000
1029,9.84,61,40,6.17,75,0,10000,8,0,10,2,1029,8.4,65,22,5.32,67,0,10000,1029,8.4,65,22,5.32,67,0,10000,1029,8.4,65,22,5.32,67,0,10000,1029,8.4,65,22,5.32,67,0,10000,1029,8.4,65,22,5.32,67,0,10000,1029,8.4,65,22,5.32,67,0,10000,1029,8.4,65,22,5.32,67,0,10000,1029,8.4,65,22,5.32,67,0,10000,1029,8.4,65,22,5.32,67,0,10000,1029,8.4,65,22,5.32,67,0,10000,1029,8.4,65,22,5.32,67,0,10000,1029,8.4,65,22,5.32,67,0,10000
1029,9.84,61,40,6.17,75,0,10000,11,0,10,2,1028,8.95,60,8,4.85,73,0,10000,1028,8.95,60,8,4.85,73,0,10000,1028,8.95,60,8,4.85,73,0,10000,1028,8.95,60,8,4.85,73,0,10000,1028,8.95,60,8,4.85,73,0,10000,1028,8.95,60,8,4.85,73,0,10000,1028,8.95,60,8,4.85,73,0,10000,1028,8.95,60,8,4.85,73,0,10000,1028,8.95,60,8,4.85,73,0,10000,1028,8.95,60,8,4.85,73,0,10000,1028,8.95,60,8,4.85,73,0,10000,1028,8.95,60,8,4.85,73,0,10000
1029,9.84,61,40,6.17,75,0,10000,14,0,10,2,1029,9.78,60,41,6.16,54,0,10000,1029,9.78,60,41,6.16,54,0,10000,1029,9.78,60,41,6.16,54,0,10000,1029,9.78,60,41,6.16,54,0,10000,1029,9.78,60,41,6.16,54,0,10000,1029,9.78,60,41,6.16,54,0,10000,1029,9.78,60,41,6.16,54,0,10000,1029,9.78,60,41,6.16,54,0,10000,1029,9.78,60,41,6.16,54,0,10000,1029,9.78,60,41,6.16,54,0,10000,1029,9.78,60,41,6.16,54,0,10000,1029,9.78,60,41,6.16,54,0,10000
1029,9.84,61,40,6.17,75,0,10000,17,0,10,2,1029,9.16,65,42,5.35,34,0,10000,1029,9.16,65,42,5.35,34,0,10000,1029,9.16,65,42,5.35,34,0,10000,1029,9.16,65,42,5.35,34,0,10000,1029,9.16,65,42,5.35,34,0,10000,1029,9.16,65,42,5.35,34,0,10000,1029,9.16,65,42,5.35,34,0,10000,1029,9.16,65,42,5.35,34,0,10000,1029,9.16,65,42,5.35,34,0,10000,1029,9.16,65,42,5.35,34,0,10000,1029,9.16,65,42,5.35,34,0,10000,1029,9.16,65,42,5.35,34,0,10000
1029,9.84,61,40,6.17,75,0,10000,20,0,10,2,1030,7.31,66,39,5.92,16,0,10000,1030,7.31,66,39,5.92,16,0,10000,1030,7.31,66,39,5.92,16,0,10000,1030,7.31,66,39,5.92,16,0,10000,1030,7.31,66,39,5.92,16,0,10000,1030,7.31,66,39,5.92,16,0,10000,1030,7.31,66,39,5.92,16,0,10000,1030,7.31,66,39,5.92,16,0,10000,1030,7.31,66,39,5.92,16,0,10000,1030,7.31,66,39,5.92,16,0,10000,1030,7.31,66,39,5.92,16,0,10000,1030,7.31,66,39,5.92,16,0,10000
1029,9.84,61,40,6.17,75,0,10000,23,0,10,2,1030,6.59,75,46,5.63,11,0,10000,1030,6.59,75,46,5.63,11,0,10000,1030,6.59,75,46,5.63,11,0,10000,1030,6.59,75,46,5.63,11,0,10000,1030,6.59,75,46,5.63,11,0,10000,1030,6.59,75,46,5.63,11,0,10000,1030,6.59,75,46,5.63,11,0,10000,1030,6.59,75,46,5.63,11,0,10000,1030,6.59,75,46,5.63,11,0,10000,1030,6.59,75,46,5.63,11,0,10000,1030,6.59,75,46,5.63,11,0,10000,1030,6.59,75,46,5.63,11,0,10000
1029,9.84,61,40,6.17,75,0,10000,2,0,11,2,1030,5.22,76,35,4.02,7,0,10000,1030,5.22,76,35,4.02,7,0,10000,1030,5.22,76,35,4.02,7,0,10000,1030,5.22,76,35,4.02,7,0,10000,1030,5.22,76,35,4.02,7,0,10000,1030,5.22,76,35,4.02,7,0,10000,1030,5.22,76,35,4.02,7,0,10000,1030,5.22,76,35,4.02,7,0,10000,1030,5.22,76,35,4.02,7,0,10000,1030,5.22,76,35,4.02,7,0,10000,1030,5.22,76,35,4.02,7,0,10000,1030,5.22,76,35,4.02,7,0,10000
1029,9.84,61,40,6.17,75,0,10000,5,0,11,2,1030,6.25,78,27,4.13,29,0,10000,1030,6.25,78,27,4.13,29,0,10000,1030,6.25,78,27,4.13,29,0,10000,1030,6.25,78,27,4.13,29,0,10000,1030,6.25,78,27,4.13,29,0,10000,1030,6.25,78,27,4.13,29,0,10000,1030,6.25,78,27,4.13,29,0,10000,1030,6.25,78,27,4.13,29,0,10000,1030,6.25,78,27,4.13,29,0,10000,1030,6.25,78,27,4.13,29,0,10000,1030,6.25,78,27,4.13,29,0,10000,1030,6.25,78,27,4.13,29,0,10000
1029,9.84,61,40,6.17,75,0,10000,8,0,11,2,1029,8.4,65,22,5.32,67,0,10000,1029,8.4,65,22,5.32,67,0,10000,1029,8.4,65,22,5.32,67,0,10000,1029,8.4,65,22,5.32,67,0,10000,1029,8.4,65,22,5.32,67,0,10000,1029,8.4,65,22,5.32,67,0,10000,1029,8.4,65,22,5.32,67,0,10000,1029,8.4,65,22,5.32,67,0,10000,1029,8.4,65,22,5.32,67,0,10000,1029,8.4,65,22,5.32,67,0,10000,1029,8.4,65,22,5.32,67,0,10000,1029,8.4,65,22,5.32,67,0,10000
1029,9.84,61,40,6.17,75,0,10000,11,0,11,2,1028,8.95,60,8,4.85,73,0,10000,1028,8.95,60,8,4.85,73,0,10000,1028,8.95,60,8,4.85,73,0,10000,1028,8.95,60,8,4.85,73,0,10000,1028,8.95,60,8,4.85,73,0,10000,1028,8.95,60,8,4.85,73,0,10000,1028,8.95,60,8,4.85,73,0,10000,1028,8.95,60,8,4.85,73,0,10000,1028,8.95,60,8,4.85,73,0,10000,1028,8.95,60,8,4.85,73,0,10000,1028,8.95,60,8,4.85,73,0,10000,1028,8.95,60,8,4.85,73,0,10000
1029,9.84,61,40,6.17,75,0,10000,14,0,11,2,1029,9.78,60,41,6.16,54,0,10000,1029,9.78,60,41,6.16,54,0,10000,1029,9.78,60,41,6.16,54,0,10000,1029,9.78,60,41,6.16,54,0,10000,1029,9.78,60,41,6.16,54,0,10000,1029,9.78,60,41,6.16,54,0,10000,1029,9.78,60,41,6.16,54,0,10000,1029,9.78,60,41,6.16,54,0,10000,1029,9.78,60,41,6.16,54,0,10000,1029,9.78,60,41,6.16,54,0,10000,1029,9.78,60,41,6.16,54,0,10000,1029,9.78,60,41,6.16,54,0,10000
1029,9.84,61,40,6.17,75,0,10000,17,0,11,2,1029,9.16,65,42,5.35,34,0,10000,1029,9.16,65,42,5.35,34,0,10000,1029,9.16,65,42,5.35,34,0,10000,1029,9.16,65,42,5.35,34,0,10000,1029,9.16,65,42,5.35,34,0,10000,1029,9.16,65,42,5.35,34,0,10000,1029,9.16,65,42,5.35,34,0,10000,1029,9.16,65,42,5.35,34,0,10000,1029,9.16,65,42,5.35,34,0,10000,1029,9.16,65,42,5.35,34,0,10000,1029,9.16,65,42,5.35,34,0,10000,1029,9.16,65,42,5.35,34,0,10000
1029,9.84,61,40,6.17,75,0,10000,20,0,11,2,1030,7.31,66,39,5.92,16,0,10000,1030,7.31,66,39,5.92,16,0,10000,1030,7.31,66,39,5.92,16,0,10000,1030,7.31,66,39,5.92,16,0,10000,1030,7.31,66,39,5.92,16,0,10000,1030,7.31,66,39,5.92,16,0,10000,1030,7.31,66,39,5.92,16,0,10000,1030,7.31,66,39,5.92,16,0,10000,1030,7.31,66,39,5.92,16,0,10000,1030,7.31,66,39,5.92,16,0,10000,1030,7.31,66,39,5.92,16,0,10000,1030,7.31,66,39,5.92,16,0,10000
1029,9.84,61,40,6.17,75,0,10000,23,0,11,2,1030,6.59,75,46,5.63,11,0,10000,1030,6.59,75,46,5.63,11,0,10000,1030,6.59,75,46,5.63,11,0,10000,1030,6.59,75,46,5.63,11,0,10000,1030,6.59,75,46,5.63,11,0,10000,1030,6.59,75,46,5.63,11,0,10000,1030,6.59,75,46,5.63,11,0,10000,1030,6.59,75,46,5.63,11,0,10000,1030,6.59,75,46,5.63,11,0,10000,1030,6.59,75,46,5.63,11,0,10000,1030,6.59,75,46,5.63,11,0,10000,1030,6.59,75,46,5.63,11,0,10000
1029,9.84,61,40,6.17,75,0,10000,2,0,12,2,1030,5.22,76,35,4.02,7,0,10000,1030,5.22,76,35,4.02,7,0,10000,1030,5.22,76,35,4.02,7,0,10000,1030,5.22,76,35,4.02,7,0,10000,1030,5.22,76,35,4.02,7,0,10000,1030,5.22,76,35,4.02,7,0,10000,1030,5.22,76,35,4.02,7,0,10000,1030,5.22,76,35,4.02,7,0,10000,1030,5.22,76,35,4.02,7,0,10000,1030,5.22,76,35,4.02,7,0,10000,1030,5.22,76,35,4.02,7,0,10000,1030,5.22,76,35,4.02,7,0,10000
1029,9.84,61,40,6.17,75,0,10000,5,0,12,2,1030,6.25,78,27,4.13,29,0,10000,1030,6.25,78,27,4.13,29,0,10000,1030,6.25,78,27,4.13,29,0,10000,1030,6.25,78,27,4.13,29,0,10000,1030,6.25,78,27,4.13,29,0,10000,1030,6.25,78,27,4.13,29,0,10000,1030,6.25,78,27,4.13,29,0,10000,1030,6.25,78,27,4.13,29,0,10000,1030,6.25,78,27,4.13,29,0,10000,1030,6.25,78,27,4.13,29,0,10000,1030,6.25,78,27,4.13,29,0,10000,1030,6.25,78,27,4.13,29,0,10000
1029,9.84,61,40,6.17,75,0,10000,8,0,12,2,1029,8.4,65,22,5.32,67,0,10000,1029,8.4,65,22,5.32,67,0,10000,1029,8.4,65,22,5.32,67,0,10000,1029,8.4,65,22,5.32,67,0,10000,1029,8.4,65,22,5.32,67,0,10000,1029,8.4,65,22,5.32,67,0,10000,1029,8.4,65,22,5.32,67,0,10000,1029,8.4,65,22,5.32,67,0,10000,1029,8.4,65,22,5.32,67,0,10000,1029,8.4,65,22,5.32,67,0,10000,1029,8.4,65,22,5.32,67,0,10000,1029,8.4,65,22,5.32,67,0,10000
1029,9.84,61,40,6.17,75,0,10000,11,0,12,2,1028,8.95,60,8,4.85,73,0,10000,1028,8.95,60,8,4.85,73,0,10000,1028,8.95,60,8,4.85,73,0,10000,1028,8.95,60,8,4.85,73,0,10000,1028,8.95,60,8,4.85,73,0,10000,1028,8.95,60,8,4.85,73,0,10000,1028,8.95,60,8,4.85,73,0,10000,1028,8.95,60,8,4.85,73,0,10000,1028,8.95,60,8,4.85,73,0,10000,1028,8.95,60,8,4.85,73,0,10000,1028,8.95,60,8,4.85,73,0,10000,1028,8.95,60,8,4.85,73,0,10000
1029,9.84,61,40,6.17,75,0,10000,14,0,12,2,1029,9.78,60,41,6.16,54,0,10000,1029,9.78,60,41,6.16,54,0,10000,1029,9.78,60,41,6.16,54,0,10000,1029,9.78,60,41,6.16,54,0,10000,1029,9.78,60,41,6.16,54,0,10000,1029,9.78,60,41,6.16,54,0,10000,1029,9.78,60,41,6.16,54,0,10000,1029,9.78,60,41,6.16,54,0,10000,1029,9.78,60,41,6.16,54,0,10000,1029,9.78,60,41,6.16,54,0,10000,1029,9.78,60,41,6.16,54,0,10000,1029,9.78,60,41,6.16,54,0,10000
1029,9.84,61,40,6.17,75,0,10000,17,0,12,2,1029,9.16,65,42,5.35,34,0,10000,1029,9.16,65,42,5.35,34,0,10000,1029,9.16,65,42,5.35,34,0,10000,1029,9.16,65,42,5.35,34,0,10000,1029,9.16,65,42,5.35,34,0,10000,1029,9.16,65,42,5.35,34,0,10000,1029,9.16,65,42,5.35,34,0,10000,1029,9.16,65,42,5.35,34,0,10000,1029,9.16,65,42,5.35,34,0,10000,1029,9.16,65,42,5.35,34,0,10000,1029,9.16,65,42,5.35,34,0,10000,1029,9.16,65,42,5.35,34,0,10000
1029,9.84,61,40,6.17,75,0,10000,20,0,12,2,1030,7.31,66,39,5.92,16,0,10000,1030,7.31,66,39,5.92,16,0,10000,1030,7.31,66,39,5.92,16,0,10000,1030,7.31,66,39,5.92,16,0,10000,1030,7.31,66,39,5.92,16,0,10000,1030,7.31,66,39,5.92,16,0,10000,1030,7.31,66,39,5.92,16,0,10000,1030,7.31,66,39,5.92,16,0,10000,1030,7.31,66,39,5.92,16,0,10000,1030,7.31,66,39,5.92,16,0,10000,1030,7.31,66,39,5.92,16,0,10000,1030,7.31,66,39,5.92,16,0,10000
1029,9.84,61,40,6.17,75,0,10000,23,0,12,2,1030,6.59,75,46,5.63,11,0,10000,1030,6.59,75,46,5.63,11,0,10000,1030,6.59,75,46,5.63,11,0,10000,1030,6.59,75,46,5.63,11,0,10000,1030,6.59,75,46,5.63,11,0,10000,1030,6.59,75,46,5.63,11,0,10000,1030,6.59,75,46,5.63,11,0,10000,1030,6.59,75,46,5.63,11,0,10000,1030,6.59,75,46,5.63,11,0,10000,1030,6.59,75,46,5.63,11,0,10000,1030,6.59,75,46,5.63,11,0,10000,1030,6.59,75,46,5.63,11,0,10000
1029,9.84,61,40,6.17,75,0,10000,2,0,13,2,1030,5.22,76,35,4.02,7,0,10000,1030,5.22,76,35,4.02,7,0,10000,1030,5.22,76,35,4.02,7,0,10000,1030,5.22,76,35,4.02,7,0,10000,1030,5.22,76,35,4.02,7,0,10000,1030,5.22,76,35,4.02,7,0,10000,1030,5.22,76,35,4.02,7,0,10000,1030,5.22,76,35,4.02,7,0,10000,1030,5.22,76,35,4.02,7,0,10000,1030,5.22,76,35,4.02,7,0,10000,1030,5.22,76,35,4.02,7,0,10000,1030,5.22,76,35,4.02,7,0,10000
1029,9.84,61,40,6.17,75,0,10000,5,0,13,2,1030,6.25,78,27,4.13,29,0,10000,1030,6.25,78,27,4.13,29,0,10000,1030,6.25,78,27,4.13,29,0,10000,1030,6.25,78,27,4.13,29,0,10000,1030,6.25,78,27,4.13,29,0,10000,1030,6.25,78,27,4.13,29,0,10000,1030,6.25,78,27,4.13,29,0,10000,1030,6.25,78,27,4.13,29,0,10000,1030,6.25,78,27,4.13,29,0,10000,1030,6.25,78,27,4.13,29,0,10000,1030,6.25,78,27,4.13,29,0,10000,1030,6.25,78,27,4.13,29,0,10000
1029,9.84,61,40,6.17,75,0,10000,8,0,13,2,1029,8.4,65,22,5.32,67,0,10000,1029,8.4,65,22,5.32,67,0,10000,1029,8.4,65,22,5.32,67,0,10000,1029,8.4,65,22,5.32,67,0,10000,1029,8.4,65,22,5.32,67,0,10000,1029,8.4,65,22,5.32,67,0,10000,1029,8.4,65,22,5.32,67,0,10000,1029,8.4,65,22,5.32,67,0,10000,1029,8.4,65,22,5.32,67,0,10000,1029,8.4,65,22,5.32,67,0,10000,1029,8.4,65,22,5.32,67,0,10000,1029,8.4,65,22,5.32,67,0,10000
1029,9.84,61,40,6.17,75,0,10000,11,0,13,2,1028,8.95,60,8,4.85,73,0,10000,1028,8.95,60,8,4.85,73,0,10000,1028,8.95,60,8,4.85,73,0,10000,1028,8.95,60,8,4.85,73,0,10000,1028,8.95,60,8,4.85,73,0,10000,1028,8.95,60,8,4.85,73,0,10000,1028,8.95,60,8,4.85,73,0,10000,1028,8.95,60,8,4.85,73,0,10000,1028,8.95,60,8,4.85,73,0,10000,1028,8.95,60,8,4.85,73,0,10000,1028,8.95,60,8,4.85,73,0,10000,1028,8.95,60,8,4.85,73,0,10000
1029,9.84,61,40,6.17,75,0,10000,14,0,13,2,1029,9.78,60,41,6.16,54,0,10000,1029,9.78,60,41,6.16,54,0,10000,1029,9.78,60,41,6.16,54,0,10000,1029,9.78,60,41,6.16,54,0,10000,1029,9.78,60,41,6.16,54,0,10000,1029,9.78,60,41,6.16,54,0,10000,1029,9.78,60,41,6.16,54,0,10000,1029,9.78,60,41,6.16,54,0,10000,1029,9.78,60,41,6.16,54,0,10000,1029,9.78,60,41,6.16,54,0,10000,1029,9.78,60,41,6.16,54,0,10000,1029,9.78,60,41,6.16,54,0,10000
1029,9.84,61,40,6.17,75,0,10000,17,0,13,2,1029,9.16,65,42,5.35,34,0,10000,1029,9.16,65,42,5.35,34,0,10000,1029,9.16,65,42,5.35,34,0,10000,1029,9.16,65,42,5.35,34,0,10000,1029,9.16,65,42,5.35,34,0,10000,1029,9.16,65,42,5.35,34,0,10000,1029,9.16,65,42,5.35,34,0,10000,1029,9.16,65,42,5.35,34,0,10000,1029,9.16,65,42,5.35,34,0,10000,1029,9.16,65,42,5.35,34,0,10000,1029,9.16,65,42,5.35,34,0,10000,1029,9.16,65,42,5.35,34,0,10000
1029,9.84,61,40,6.17,75,0,10000,20,0,13,2,1030,7.31,66,39,5.92,16,0,10000,1030,7.31,66,39,5.92,16,0,10000,1030,7.31,66,39,5.92,16,0,10000,1030,7.31,66,39,5.92,16,0,10000,1030,7.31,66,39,5.92,16,0,10000,1030,7.31,66,39,5.92,16,0,10000,1030,7.31,66,39,5.92,16,0,10000,1030,7.31,66,39,5.92,16,0,10000,1030,7.31,66,39,5.92,16,0,10000,1030,7.31,66,39,5.92,16,0,10000,1030,7.31,66,39,5.92,16,0,10000,1030,7.31,66,39,5.92,16,0,10000
1029,9.84,61,40,6.17,75,0,10000,23,0,13,2,1030,6.59,75,46,5.63,11,0,10000,1030,6.59,75,46,5.63,11,0,10000,1030,6.59,75,46,5.63,11,0,10000,1030,6.59,75,46,5.63,11,0,10000,1030,6.59,75,46,5.63,11,0,10000,1030,6.59,75,46,5.63,11,0,10000,1030,6.59,75,46,5.63,11,0,10000,1030,6.59,75,46,5.63,11,0,10000,1030,6.59,75,46,5.63,11,0,10000,1030,6.59,75,46,5.63,11,0,10000,1030,6.59,75,46,5.63,11,0,10000,1030,6.59,75,46,5.63,11,0,10000
